-- MySQL dump 10.13  Distrib 8.0.36, for Linux (x86_64)
--
-- Host: localhost    Database: posystem
-- ------------------------------------------------------
-- Server version	8.0.36-0ubuntu0.23.10.1

/*!40101 SET @OLD_CHARACTER_SET_CLIENT=@@CHARACTER_SET_CLIENT */;
/*!40101 SET @OLD_CHARACTER_SET_RESULTS=@@CHARACTER_SET_RESULTS */;
/*!40101 SET @OLD_COLLATION_CONNECTION=@@COLLATION_CONNECTION */;
/*!50503 SET NAMES utf8mb4 */;
/*!40103 SET @OLD_TIME_ZONE=@@TIME_ZONE */;
/*!40103 SET TIME_ZONE='+00:00' */;
/*!40014 SET @OLD_UNIQUE_CHECKS=@@UNIQUE_CHECKS, UNIQUE_CHECKS=0 */;
/*!40014 SET @OLD_FOREIGN_KEY_CHECKS=@@FOREIGN_KEY_CHECKS, FOREIGN_KEY_CHECKS=0 */;
/*!40101 SET @OLD_SQL_MODE=@@SQL_MODE, SQL_MODE='NO_AUTO_VALUE_ON_ZERO' */;
/*!40111 SET @OLD_SQL_NOTES=@@SQL_NOTES, SQL_NOTES=0 */;

--
-- Table structure for table `access_list`
--

DROP TABLE IF EXISTS `access_list`;
/*!40101 SET @saved_cs_client     = @@character_set_client */;
/*!50503 SET character_set_client = utf8mb4 */;
CREATE TABLE `access_list` (
  `listId` int NOT NULL AUTO_INCREMENT,
  `listTitle` varchar(100) COLLATE utf8mb4_general_ci NOT NULL,
  PRIMARY KEY (`listId`)
) ENGINE=InnoDB AUTO_INCREMENT=5 DEFAULT CHARSET=utf8mb4 COLLATE=utf8mb4_general_ci;
/*!40101 SET character_set_client = @saved_cs_client */;

--
-- Dumping data for table `access_list`
--

LOCK TABLES `access_list` WRITE;
/*!40000 ALTER TABLE `access_list` DISABLE KEYS */;
INSERT INTO `access_list` VALUES (1,'Can View Employee'),(2,'Can Delete Employee'),(3,'Can Edit Employee'),(4,'Can Add User');
/*!40000 ALTER TABLE `access_list` ENABLE KEYS */;
UNLOCK TABLES;

--
-- Table structure for table `accesspermission`
--

DROP TABLE IF EXISTS `accesspermission`;
/*!40101 SET @saved_cs_client     = @@character_set_client */;
/*!50503 SET character_set_client = utf8mb4 */;
CREATE TABLE `accesspermission` (
  `permissionId` int NOT NULL AUTO_INCREMENT,
  `uid` int NOT NULL,
  `accessFunction` int NOT NULL,
  `accessValue` int NOT NULL DEFAULT '0',
  PRIMARY KEY (`permissionId`)
) ENGINE=InnoDB AUTO_INCREMENT=7 DEFAULT CHARSET=utf8mb4 COLLATE=utf8mb4_general_ci;
/*!40101 SET character_set_client = @saved_cs_client */;

--
-- Dumping data for table `accesspermission`
--

LOCK TABLES `accesspermission` WRITE;
/*!40000 ALTER TABLE `accesspermission` DISABLE KEYS */;
INSERT INTO `accesspermission` VALUES (1,33,1,0),(2,33,3,1),(3,33,2,1),(4,33,4,1),(5,1,1,0),(6,1,2,0);
/*!40000 ALTER TABLE `accesspermission` ENABLE KEYS */;
UNLOCK TABLES;

--
-- Table structure for table `department`
--

DROP TABLE IF EXISTS `department`;
/*!40101 SET @saved_cs_client     = @@character_set_client */;
/*!50503 SET character_set_client = utf8mb4 */;
CREATE TABLE `department` (
  `departmentId` int NOT NULL AUTO_INCREMENT,
  `departmentName` varchar(100) COLLATE utf8mb3_unicode_ci NOT NULL,
  PRIMARY KEY (`departmentId`)
) ENGINE=InnoDB AUTO_INCREMENT=7 DEFAULT CHARSET=utf8mb3 COLLATE=utf8mb3_unicode_ci;
/*!40101 SET character_set_client = @saved_cs_client */;

--
-- Dumping data for table `department`
--

LOCK TABLES `department` WRITE;
/*!40000 ALTER TABLE `department` DISABLE KEYS */;
INSERT INTO `department` VALUES (2,'DSS'),(3,'ABC '),(4,'SHAH SATNAM JI GREEN S WELFARE FORCE WING'),(5,'shahi canteen'),(6,'Pure departmental');
/*!40000 ALTER TABLE `department` ENABLE KEYS */;
UNLOCK TABLES;

--
-- Table structure for table `district`
--

DROP TABLE IF EXISTS `district`;
/*!40101 SET @saved_cs_client     = @@character_set_client */;
/*!50503 SET character_set_client = utf8mb4 */;
CREATE TABLE `district` (
  `districtId` int NOT NULL AUTO_INCREMENT,
  `districtName` varchar(100) COLLATE utf8mb3_unicode_ci NOT NULL,
  PRIMARY KEY (`districtId`)
) ENGINE=InnoDB AUTO_INCREMENT=5 DEFAULT CHARSET=utf8mb3 COLLATE=utf8mb3_unicode_ci;
/*!40101 SET character_set_client = @saved_cs_client */;

--
-- Dumping data for table `district`
--

LOCK TABLES `district` WRITE;
/*!40000 ALTER TABLE `district` DISABLE KEYS */;
INSERT INTO `district` VALUES (1,'Moga'),(2,'Bathinda'),(3,'Ferozpur'),(4,'Sangrur');
/*!40000 ALTER TABLE `district` ENABLE KEYS */;
UNLOCK TABLES;

--
-- Table structure for table `tb_bills`
--

DROP TABLE IF EXISTS `tb_bills`;
/*!40101 SET @saved_cs_client     = @@character_set_client */;
/*!50503 SET character_set_client = utf8mb4 */;
CREATE TABLE `tb_bills` (
  `billId` int NOT NULL AUTO_INCREMENT,
  `billNo` varchar(50) COLLATE utf8mb4_general_ci NOT NULL,
  `billPoId` int NOT NULL,
  `billDepartmentId` int NOT NULL,
  `billIsPaymentDone` int NOT NULL,
  `billNameAt` varchar(100) COLLATE utf8mb4_general_ci NOT NULL,
  `billVendorId` int NOT NULL,
  `billVendorName` varchar(200) COLLATE utf8mb4_general_ci NOT NULL,
  `billVendorAccountNo` varchar(100) COLLATE utf8mb4_general_ci DEFAULT NULL,
  `billVendorIFSCcode` varchar(20) COLLATE utf8mb4_general_ci DEFAULT NULL,
  `billVendorBank` varchar(200) COLLATE utf8mb4_general_ci DEFAULT NULL,
  `billPaymentType` varchar(20) COLLATE utf8mb4_general_ci DEFAULT NULL,
  `billAmount` decimal(10,2) NOT NULL,
  `billPaidAmount` decimal(10,2) NOT NULL,
  `billPurpose` varchar(500) COLLATE utf8mb4_general_ci NOT NULL,
  `billReference` varchar(200) COLLATE utf8mb4_general_ci NOT NULL,
  `billCheque` varchar(20) COLLATE utf8mb4_general_ci NOT NULL,
  `billRemarks` varchar(500) COLLATE utf8mb4_general_ci NOT NULL,
  `billCreatedAt` datetime NOT NULL DEFAULT CURRENT_TIMESTAMP,
  `billCreatedBy` int NOT NULL,
  `billImageUrl` varchar(500) COLLATE utf8mb4_general_ci NOT NULL,
  `billPaymentMethod` varchar(100) COLLATE utf8mb4_general_ci NOT NULL,
  `billPurchaser` varchar(300) COLLATE utf8mb4_general_ci NOT NULL,
  `billIsDeleted` int NOT NULL DEFAULT '0',
  `billType` varchar(100) COLLATE utf8mb4_general_ci DEFAULT NULL,
  `billLastDate` date DEFAULT NULL,
  PRIMARY KEY (`billId`)
) ENGINE=InnoDB AUTO_INCREMENT=40 DEFAULT CHARSET=utf8mb4 COLLATE=utf8mb4_general_ci;
/*!40101 SET character_set_client = @saved_cs_client */;

--
-- Dumping data for table `tb_bills`
--

LOCK TABLES `tb_bills` WRITE;
/*!40000 ALTER TABLE `tb_bills` DISABLE KEYS */;
INSERT INTO `tb_bills` VALUES (8,'GST/23-24/1257',1,2,0,'Narula Plywood CO',58,'',NULL,NULL,NULL,'Total Payment',0.00,86508.00,'Ply Purchase for Making Cabin For Teravaas ( Aara Samiti)','Anoop JI','','B-475','2024-01-14 11:51:14',43,'datafiles/c9f0f895fb98ab9159f51fd0297e236d.jpeg','P.O. For Net Banking','',0,NULL,NULL),(9,'155',2,2,0,'Ahuja Timbers',22,'',NULL,NULL,NULL,'Full Payment',0.00,75520.00,'Material Purchase for Making Cabin For Teravaas ( Aara Samiti)','Anoop JI','','B-473','2024-01-14 11:58:50',43,'datafiles/45c48cce2e2d7fbdea1afc51c7c6ad26.jpeg','P.O. For Net Banking','',0,NULL,NULL),(10,'quotion recd ',3,2,0,'Ek Onkar Auto Electricals',59,'',NULL,NULL,NULL,'Full Payment',0.00,12000.00,'Remote gate UPS Batery 12 Pcs','GSM Bharat Bhushan JI','','B-474','2024-01-14 12:03:22',43,'datafiles/d3d9446802a44259755d38e6d163e820.jpeg','P.O. For Net Banking','',0,NULL,NULL),(11,'12345',0,6,0,'Retail',60,'',NULL,NULL,NULL,'Total Payment',0.00,123.00,'vvv','dd','','wew','2024-01-15 09:02:21',34,'datafiles/6512bd43d9caa6e02c990b0a82652dca.jpeg','P.O. For Cheque','',0,'GST','2024-01-10'),(12,'6',6,2,0,'Pixel Play Solutions',61,'',NULL,NULL,NULL,'Full Payment',0.00,475600.00,'LED Rent On MSG Bhandara 27..11.2023','Ravinder JI Cable C/o Sunny JI ','','1','2024-01-15 10:01:09',43,'datafiles/c20ad4d76fe97759aa27a0c99bff6710.pdf','P.O. For Net Banking','',0,NULL,NULL),(13,'T21-B761-1004',4,2,0,'Dakshin Haryana BIjli Vitran Nigam ',62,'',NULL,NULL,NULL,'Full Payment',0.00,1119.00,'Electricity bill of Sach Narsary of SMJD','GSM Hari ram Ji','','B-478','2024-01-15 10:11:58',43,'','P.O. For Net Banking','',0,NULL,NULL),(14,'639189952587',4,2,0,'Dakshin Haryana BIjli Vitran Nigam ',64,'',NULL,NULL,NULL,'Full Payment',0.00,9754.00,'Electricity bill of Motor No 3','GSM Hari ram Ji','','B-478','2024-01-15 10:15:43',43,'datafiles/aab3238922bcc25a6f606eb525ffdc56.pdf','P.O. For Net Banking','',0,NULL,NULL),(15,'585669008228',4,2,0,'Dakshin Haryana BIjli Vitran Nigam ',31,'',NULL,NULL,NULL,'Full Payment',0.00,2656.00,'Electricity bill Payment of Sabji Canteen New Meter','GSM Hari ram Ji','','B-478','2024-01-15 10:17:09',43,'datafiles/9bf31c7ff062936a96d3c8bd1f8f2ff3.pdf','P.O. For Net Banking','',0,NULL,NULL),(16,'Quotation no 8012024',5,2,0,'Smiths Detection Systems Private Ltd',65,'',NULL,NULL,NULL,'Full Payment',0.00,29500.00,'Inspection of Xbis Model HS 7555 ','GSM RK 7 & Prem ji MSG Factory','','Urgent','2024-01-15 11:02:50',43,'datafiles/c74d97b01eae257e44aa9d5bade97baf.jpeg','P.O. For Net Banking','',0,NULL,NULL),(17,'6059',7,2,0,'Computer India',54,'',NULL,NULL,NULL,'Full Payment',0.00,149500.00,'New PC For New Adm Sisters','GSM Gursimran Didi','','B-485','2024-01-16 11:56:07',43,'datafiles/70efdf2ec9b086079795c442636b55fb.jpg','P.O. For Net Banking','',0,NULL,NULL),(18,'1206',7,2,0,'Samarth Traders',66,'',NULL,NULL,NULL,'Full Payment',0.00,9150.00,'Hard Disk For Book Keeping for Data Store (Raju Didi) ','GSM Vishal JI/ GSM Bharat Bhushan JI','','B-484','2024-01-16 12:47:19',43,'datafiles/6f4922f45568161a8cdf4ad2299f6d23.jpg','P.O. For Net Banking','',0,NULL,NULL),(19,'002',8,2,0,'Maa Gayatri',67,'',NULL,NULL,NULL,'Full Payment',0.00,11500.00,'Soft Box Purchase for Stage Lights','Amandeep ji Lali Bhai','','B-482','2024-01-16 13:00:03',43,'datafiles/1f0e3dad99908345f7439f8ffabdffc4.jpg','P.O. For Net Banking','',0,NULL,NULL),(20,'1033,1029,1053,1058',9,2,0,'I P Midha Filling Station',45,'',NULL,NULL,NULL,'Full Payment',0.00,125570.00,'Diesel & Petrol For Vehicles & Generator','Ramesh JI Adm','','Ramesh ji','2024-01-16 13:09:43',43,'datafiles/98f13708210194c475687be6106a3b84.pdf','P.O. For Net Banking','',0,NULL,NULL),(21,'867,868,,870,873',10,2,0,'Anmol Crop Care',68,'',NULL,NULL,NULL,'Full Payment',0.00,113296.00,'Pesticides ( DSS Agriculture)','Iqbal Bhai JI','','B-488','2024-01-17 09:06:53',43,'datafiles/3c59dc048e8850243be8079a5c74d079.pdf','P.O. For Net Banking','Iqbal Bhai ji',0,NULL,NULL),(22,'437',10,2,0,'Kalsi industries',69,'',NULL,NULL,NULL,'Full Payment',0.00,105000.00,'Recovery Crane Against Veh no HR 57A7132','GSM Amandeep Lali Bhai','','B-490','2024-01-17 09:40:49',43,'datafiles/b6d767d2f8ed5d21a44b0e5886680cb9.jpg','P.O. For Net Banking','Amandeep Lali Bhai ji',0,NULL,NULL),(23,'Quotation no 137/23-24',10,2,0,'Mehta Computers',55,'',NULL,NULL,NULL,'Full Payment',0.00,39000.00,'Help Line Laptop ( MSG IT Hardware)','GSM Bharat Bhushan JI','','B-499','2024-01-17 09:43:38',43,'datafiles/37693cfc748049e45d87b8c7d8b9aacd.jpg','P.O. For Net Banking','GSM Bharat Bhushan JI',0,NULL,NULL),(24,'364,365,366',10,2,0,'Shree Bala JI Steel Traders',70,'',NULL,NULL,NULL,'Full Payment',0.00,104668.00,'Pipe and Angel For Teravaas Cabin & Shed Repair SMJD Etc.','GSM Paramjit Aara Samiti','','B-491','2024-01-17 09:49:58',43,'datafiles/1ff1de774005f8da13f42943881c655f.pdf','P.O. For Net Banking','GSM Paramjit SIngh',0,NULL,NULL),(25,'227',11,2,0,'Rainbow Paint & hardware',71,'',NULL,NULL,NULL,'Full Payment',0.00,45940.00,'Paint Material for Teravaas','GSM RK 7, GSM Ritesh JI','','B-500','2024-01-17 11:23:43',43,'datafiles/8e296a067a37563370ded05f5a3bf3ec.jpg','P.O. For Net Banking','GSM Ritesh JI',0,NULL,NULL),(26,'5423',12,2,0,'Granth Vikas',72,'',NULL,NULL,NULL,'Full Payment',0.00,50213.00,'Granth Books Purchase','RK 7','','Urgent','2024-01-17 11:39:46',43,'datafiles/4e732ced3463d06de0ca9a15b6153677.jpeg','P.O. For Net Banking','RK 7',0,NULL,NULL),(27,'PI NO 1',13,2,0,'KSG Automation Private Ltd',73,'',NULL,NULL,NULL,'Full Payment',0.00,41645.00,'Hard Disk Purchase','RK 7','','Urgent','2024-01-17 12:39:03',43,'','P.O. For Net Banking','RK 7',0,NULL,NULL),(28,'475439800965',14,2,0,'Dakshin Haryana BIjli Vitran Nigam ',74,'',NULL,NULL,NULL,'Full Payment',0.00,517241.00,'Electricity Bill Payment of SSJD','GSM Hari ram Ji','','B-501','2024-01-18 06:44:41',43,'datafiles/33e75ff09dd601bbe69f351039152189.jpg','P.O. For Net Banking','',0,NULL,NULL),(29,'1173,1184',15,2,0,'Jain Auto Home',75,'',NULL,NULL,NULL,'Full Payment',0.00,5187.00,'transport Deptt','GSM Raindeep JI','','B 492,B 493','2024-01-20 11:46:40',43,'datafiles/6ea9ab1baa0efb9e19094440c317e21b.pdf','P.O. For Net Banking','GSM Raindeep ji',0,'Other','1970-01-01'),(30,'571',15,2,0,'Deepak Paints',76,'',NULL,NULL,NULL,'Full Payment',0.00,2879.00,'Paint Items For Veh no HR 74A 6990','GSM Raindeep JI','','B 486','2024-01-20 11:54:17',43,'datafiles/34173cb38f07f89ddbebc2ac9128303f.jpg','P.O. For Net Banking','GSM Raindeep ji',0,'Other','1970-01-01'),(31,'6083',15,2,0,'Computer India',54,'',NULL,NULL,NULL,'Full Payment',0.00,10384.00,' Networking Switch Purchase ( Audio Vedio Dept)','GSM Sajjan Bhai JI','','B-503','2024-01-20 11:56:50',43,'datafiles/c16a5320fa475530d9583c34fd356ef5.pdf','P.O. For Net Banking','GSM Sajjan Bhai ji',0,'Other','1970-01-01'),(32,'26483',15,2,0,'SMB Petro Sewa',77,'',NULL,NULL,NULL,'Full Payment',0.00,31922.00,'Diesel For Milk Van, Langar Ghar & Tractor Chhatian','Ramesh JI Adm','','B 504','2024-01-20 11:59:22',43,'','P.O. For Net Banking','Ramesh Ji Adm',0,'Other','1970-01-01'),(33,'3292',15,2,0,'Gujral Tractors',78,'',NULL,NULL,NULL,'Full Payment',0.00,40356.00,'Old Engine Parts Purchase For Veh n HR 57-3737','GSM Raindeep JI','','B 485','2024-01-20 12:00:54',43,'datafiles/182be0c5cdcd5072bb1864cdee4d3d6e.jpg','P.O. For Net Banking','GSM Raindeep ji',0,'Other','1970-01-01'),(34,'047',15,2,0,'Easy Way Distributors',79,'',NULL,NULL,NULL,'Full Payment',0.00,13000.00,'Green\'s Ground PC Invertor Battery ( MSG IT Hardware)','GSM Bharat Bhushan JI','','B 512','2024-01-20 12:04:34',43,'datafiles/e369853df766fa44e1ed0ff613f563bd.pdf','P.O. For Net Banking','GSM Bharat Bhushan JI',0,'Other','1970-01-01'),(35,'15',15,2,0,'Baweja Electronics Battery House',80,'',NULL,NULL,NULL,'Full Payment',0.00,5200.00,'Green\'s Ground PC Invertor For Sister Side MSG IT Hardware)','GSM Bharat Bhushan JI','','B 513','2024-01-20 12:08:19',43,'','P.O. For Net Banking','GSM Bharat Bhushan JI',0,'Other','1970-01-01'),(36,'158',15,2,0,'Ahuja Timbers',22,'',NULL,NULL,NULL,'Full Payment',0.00,57190.00,'Ply For Cabin In Teravaas','GSM Gurcharan Bhai','','B 514','2024-01-20 12:10:26',43,'datafiles/19ca14e7ea6328a42e0eb13d585e4c22.pdf','P.O. For Net Banking','GSM Gurcharan Bhai',0,'Other','1970-01-01'),(37,'359',15,2,0,'Shree Bala JI Steel Traders',70,'',NULL,NULL,NULL,'Full Payment',0.00,43601.00,'Construction Material Purchase','GSM Gurdaat JI','','B 515','2024-01-20 12:17:15',43,'','P.O. For Net Banking','GSM Gurdaat ji',0,'Other','1970-01-01'),(38,'6920',15,2,0,'Ashwani kumar ashok kumar',81,'',NULL,NULL,NULL,'Full Payment',0.00,22864.00,'PVC Pipe For Teravaas Work','GSM Ritesh JI','','','2024-01-20 12:20:59',43,'datafiles/a5771bce93e200c36f7cd9dfd0e5deaa.pdf','P.O. For Net Banking','GSM Ritesh JI',0,'Other','1970-01-01'),(39,'202512',16,2,0,'Nexcos Multi Service Pvt. Ltd',32,'',NULL,NULL,NULL,'Full Payment',0.00,753000.00,'Moon dal Sabat & Black Channa For Langar ','GSM Parveen Bhai JI','','','2024-01-20 12:38:27',43,'datafiles/d67d8ab4f4c10bf22aa353e27879133c.pdf','P.O. For Net Banking','GSM Parveen Bhai JI',0,'Other','1970-01-01');
/*!40000 ALTER TABLE `tb_bills` ENABLE KEYS */;
UNLOCK TABLES;

--
-- Table structure for table `tb_departmentaccess`
--

DROP TABLE IF EXISTS `tb_departmentaccess`;
/*!40101 SET @saved_cs_client     = @@character_set_client */;
/*!50503 SET character_set_client = utf8mb4 */;
CREATE TABLE `tb_departmentaccess` (
  `accessId` int NOT NULL AUTO_INCREMENT,
  `accessUserId` int NOT NULL,
  `accessDepartmentId` int NOT NULL,
  `accessIsPermitted` int NOT NULL,
  PRIMARY KEY (`accessId`)
) ENGINE=InnoDB AUTO_INCREMENT=15 DEFAULT CHARSET=utf8mb4 COLLATE=utf8mb4_general_ci;
/*!40101 SET character_set_client = @saved_cs_client */;

--
-- Dumping data for table `tb_departmentaccess`
--

LOCK TABLES `tb_departmentaccess` WRITE;
/*!40000 ALTER TABLE `tb_departmentaccess` DISABLE KEYS */;
INSERT INTO `tb_departmentaccess` VALUES (1,1,3,0),(2,1,2,1),(3,13,3,1),(4,13,2,1),(5,34,2,0),(6,34,3,1),(7,34,4,1),(8,35,2,1),(9,35,3,1),(10,35,4,1),(11,35,5,1),(12,43,2,1),(13,34,6,1),(14,34,5,1);
/*!40000 ALTER TABLE `tb_departmentaccess` ENABLE KEYS */;
UNLOCK TABLES;

--
-- Table structure for table `tb_history`
--

DROP TABLE IF EXISTS `tb_history`;
/*!40101 SET @saved_cs_client     = @@character_set_client */;
/*!50503 SET character_set_client = utf8mb4 */;
CREATE TABLE `tb_history` (
  `historyId` int NOT NULL AUTO_INCREMENT,
  `historyPoId` int DEFAULT NULL,
  `historyBillId` int DEFAULT NULL,
  `historyUserId` int DEFAULT NULL,
  `historyCreatedAt` datetime NOT NULL DEFAULT CURRENT_TIMESTAMP ON UPDATE CURRENT_TIMESTAMP,
  `historyContent` varchar(500) COLLATE utf8mb4_general_ci DEFAULT NULL,
  PRIMARY KEY (`historyId`)
) ENGINE=InnoDB AUTO_INCREMENT=112 DEFAULT CHARSET=utf8mb4 COLLATE=utf8mb4_general_ci;
/*!40101 SET character_set_client = @saved_cs_client */;

--
-- Dumping data for table `tb_history`
--

LOCK TABLES `tb_history` WRITE;
/*!40000 ALTER TABLE `tb_history` DISABLE KEYS */;
INSERT INTO `tb_history` VALUES (1,0,8,43,'2024-01-14 11:51:14','Create Bill'),(2,1,0,43,'2024-01-14 11:52:16','Create PO'),(3,1,7,43,'2024-01-14 11:52:55','Remove Bill from PO 1 due to yes'),(4,0,8,43,'2024-01-14 11:56:59','Update Bill'),(5,0,9,43,'2024-01-14 11:58:50','Create Bill'),(6,2,0,43,'2024-01-14 11:59:12','Create PO'),(7,0,10,43,'2024-01-14 12:03:22','Create Bill'),(8,3,0,43,'2024-01-14 12:03:51','Create PO'),(9,0,8,43,'2024-01-15 08:56:57','Update Bill'),(10,0,11,34,'2024-01-15 09:02:21','Create Bill'),(11,0,11,34,'2024-01-15 09:15:30','Upload Attachment'),(12,0,8,43,'2024-01-15 09:29:12','Upload Attachment'),(13,0,9,43,'2024-01-15 09:33:35','Upload Attachment'),(14,0,10,43,'2024-01-15 09:39:18','Upload Attachment'),(15,1,0,43,'2024-01-15 09:40:12','Update Po Status to approval1'),(16,2,0,43,'2024-01-15 09:40:19','Update Po Status to approval1'),(17,3,0,43,'2024-01-15 09:40:25','Update Po Status to approval1'),(18,0,12,43,'2024-01-15 10:01:09','Create Bill'),(19,0,12,43,'2024-01-15 10:01:36','Upload Attachment'),(20,0,13,43,'2024-01-15 10:11:58','Create Bill'),(21,0,14,43,'2024-01-15 10:15:43','Create Bill'),(22,0,15,43,'2024-01-15 10:17:09','Create Bill'),(23,4,0,43,'2024-01-15 10:17:49','Create PO'),(24,4,12,43,'2024-01-15 10:24:00','Remove Bill from PO 4 due to yes'),(25,0,14,43,'2024-01-15 10:28:08','Upload Attachment'),(26,0,15,43,'2024-01-15 10:30:03','Upload Attachment'),(27,4,0,43,'2024-01-15 10:30:59','Update Po Status to approval1'),(28,0,16,43,'2024-01-15 11:02:50','Create Bill'),(29,0,16,43,'2024-01-15 11:04:54','Upload Attachment'),(30,5,0,43,'2024-01-15 11:05:54','Create PO'),(31,5,12,43,'2024-01-15 11:06:21','Remove Bill from PO 5 due to yes'),(32,5,0,43,'2024-01-15 11:06:41','Update Po Status to approval1'),(33,6,0,43,'2024-01-15 11:12:34','Create PO'),(34,6,0,43,'2024-01-15 11:14:41','Update Po Status to approval1'),(35,1,0,44,'2024-01-15 15:31:34','Update Po Status to approval2'),(36,2,0,44,'2024-01-15 15:33:48','Update Po Status to approval2'),(37,3,0,44,'2024-01-15 15:34:55','Update Po Status to accountant'),(38,4,0,44,'2024-01-15 15:49:09','Update Po Status to approval2'),(39,5,0,44,'2024-01-15 15:49:17','Update Po Status to approval2'),(40,6,0,44,'2024-01-15 15:50:02','Update Po Status to approval2'),(41,1,0,46,'2024-01-15 16:07:49','Update Po Status to approval3'),(42,4,0,46,'2024-01-15 16:07:59','Update Po Status to approval3'),(43,5,0,46,'2024-01-15 16:08:09','Update Po Status to approval3'),(44,4,0,36,'2024-01-15 16:10:38','Update Po Status to payer'),(45,0,17,43,'2024-01-16 11:56:07','Create Bill'),(46,0,17,43,'2024-01-16 12:38:44','Upload Attachment'),(47,0,18,43,'2024-01-16 12:47:19','Create Bill'),(48,7,0,43,'2024-01-16 12:47:56','Create PO'),(49,7,0,43,'2024-01-16 12:49:00','Update Po Status to approval1'),(50,0,19,43,'2024-01-16 13:00:03','Create Bill'),(51,8,0,43,'2024-01-16 13:00:22','Create PO'),(52,0,19,43,'2024-01-16 13:01:14','Upload Attachment'),(53,8,0,43,'2024-01-16 13:02:01','Update Po Status to approval1'),(54,0,20,43,'2024-01-16 13:09:43','Create Bill'),(55,0,20,43,'2024-01-16 13:10:31','Upload Attachment'),(56,0,20,43,'2024-01-16 13:10:46','Upload Attachment'),(57,0,20,43,'2024-01-16 13:14:45','Upload Attachment'),(58,0,18,43,'2024-01-16 13:15:25','Upload Attachment'),(59,9,0,43,'2024-01-16 13:16:37','Create PO'),(60,0,21,43,'2024-01-17 09:06:53','Create Bill'),(61,0,22,43,'2024-01-17 09:40:50','Create Bill'),(62,0,23,43,'2024-01-17 09:43:38','Create Bill'),(63,0,24,43,'2024-01-17 09:49:58','Create Bill'),(64,0,21,43,'2024-01-17 09:55:53','Upload Attachment'),(65,0,22,43,'2024-01-17 09:56:24','Upload Attachment'),(66,0,23,43,'2024-01-17 09:56:34','Upload Attachment'),(67,0,24,43,'2024-01-17 09:56:47','Upload Attachment'),(68,10,0,43,'2024-01-17 09:57:39','Create PO'),(69,10,0,43,'2024-01-17 10:01:27','Update Po Status to approval1'),(70,9,0,43,'2024-01-17 10:02:56','Update Po Status to approval1'),(71,0,25,43,'2024-01-17 11:23:43','Create Bill'),(72,0,25,43,'2024-01-17 11:32:34','Upload Attachment'),(73,11,0,43,'2024-01-17 11:35:03','Create PO'),(74,11,0,43,'2024-01-17 11:35:25','Update Po Status to approval1'),(75,0,26,43,'2024-01-17 11:39:46','Create Bill'),(76,0,26,43,'2024-01-17 11:41:38','Upload Attachment'),(77,12,0,43,'2024-01-17 11:42:16','Create PO'),(78,12,0,43,'2024-01-17 12:35:16','Update Po Status to approval1'),(79,0,27,43,'2024-01-17 12:39:03','Create Bill'),(80,13,0,43,'2024-01-17 12:39:19','Create PO'),(81,13,0,43,'2024-01-17 12:39:37','Update Po Status to approval1'),(82,0,28,43,'2024-01-18 06:44:41','Create Bill'),(83,0,28,43,'2024-01-18 06:51:42','Upload Attachment'),(84,14,0,43,'2024-01-18 06:52:41','Create PO'),(85,14,0,43,'2024-01-18 06:53:22','Update Po Status to approval1'),(86,0,11,34,'2024-01-18 13:00:12','Update Bill'),(87,9,0,44,'2024-01-18 13:14:26','Update Po Status to approval2'),(88,0,0,1,'2024-01-18 13:34:19','update password of user id 47'),(89,0,29,43,'2024-01-20 11:46:40','Create Bill'),(90,0,30,43,'2024-01-20 11:54:17','Create Bill'),(91,0,31,43,'2024-01-20 11:56:50','Create Bill'),(92,0,32,43,'2024-01-20 11:59:22','Create Bill'),(93,0,33,43,'2024-01-20 12:00:54','Create Bill'),(94,0,34,43,'2024-01-20 12:04:34','Create Bill'),(95,0,35,43,'2024-01-20 12:08:19','Create Bill'),(96,0,36,43,'2024-01-20 12:10:26','Create Bill'),(97,0,37,43,'2024-01-20 12:17:15','Create Bill'),(98,0,38,43,'2024-01-20 12:20:59','Create Bill'),(99,15,0,43,'2024-01-20 12:22:25','Create PO'),(100,0,29,43,'2024-01-20 12:24:22','Upload Attachment'),(101,0,30,43,'2024-01-20 12:24:36','Upload Attachment'),(102,0,31,43,'2024-01-20 12:24:50','Upload Attachment'),(103,0,33,43,'2024-01-20 12:27:19','Upload Attachment'),(104,0,34,43,'2024-01-20 12:27:32','Upload Attachment'),(105,0,36,43,'2024-01-20 12:28:52','Upload Attachment'),(106,0,38,43,'2024-01-20 12:29:29','Upload Attachment'),(107,15,0,43,'2024-01-20 12:32:34','Update Po Status to approval1'),(108,0,39,43,'2024-01-20 12:38:27','Create Bill'),(109,0,39,43,'2024-01-20 12:39:30','Upload Attachment'),(110,16,0,43,'2024-01-20 12:41:02','Create PO'),(111,16,0,43,'2024-01-20 12:41:26','Update Po Status to approval1');
/*!40000 ALTER TABLE `tb_history` ENABLE KEYS */;
UNLOCK TABLES;

--
-- Table structure for table `tb_paymentorder`
--

DROP TABLE IF EXISTS `tb_paymentorder`;
/*!40101 SET @saved_cs_client     = @@character_set_client */;
/*!50503 SET character_set_client = utf8mb4 */;
CREATE TABLE `tb_paymentorder` (
  `poId` int NOT NULL AUTO_INCREMENT,
  `poFirmId` int NOT NULL,
  `poAmount` decimal(10,2) NOT NULL,
  `poDate` date NOT NULL,
  `poNo` varchar(20) COLLATE utf8mb4_general_ci NOT NULL,
  `poBank` varchar(100) COLLATE utf8mb4_general_ci NOT NULL,
  `poBalance` decimal(10,2) NOT NULL,
  `poTitle` varchar(200) COLLATE utf8mb4_general_ci NOT NULL,
  `poCurrentStatus` varchar(50) COLLATE utf8mb4_general_ci NOT NULL,
  `poCreatedBy` int NOT NULL,
  `poIsUrgent` varchar(6) COLLATE utf8mb4_general_ci NOT NULL,
  PRIMARY KEY (`poId`)
) ENGINE=InnoDB AUTO_INCREMENT=17 DEFAULT CHARSET=utf8mb4 COLLATE=utf8mb4_general_ci;
/*!40101 SET character_set_client = @saved_cs_client */;

--
-- Dumping data for table `tb_paymentorder`
--

LOCK TABLES `tb_paymentorder` WRITE;
/*!40000 ALTER TABLE `tb_paymentorder` DISABLE KEYS */;
INSERT INTO `tb_paymentorder` VALUES (1,2,0.00,'2024-01-14','','Canara Bank',0.00,'P.O. For Net Banking','approval3',43,'No'),(2,2,0.00,'2024-01-14','','Canara Bank',0.00,'P.O. For Net Banking','approval2',43,'No'),(3,2,0.00,'2024-01-14','','Canara Bank',0.00,'P.O. For Net Banking','accountant',43,'Yes'),(4,2,0.00,'2024-01-15','','Canara Bank',0.00,'P.O. For Net Banking','payer',43,'Yes'),(5,2,0.00,'2024-01-15','','Canara Bank',0.00,'P.O. For Net Banking','approval3',43,'Yes'),(6,2,0.00,'2024-01-15','','Canara Bank',0.00,'P.O. For Net Banking','approval2',43,'No'),(7,2,0.00,'2024-01-16','','Canara Bank',0.00,'P.O. For Net Banking','approval1',43,'No'),(8,2,0.00,'2024-01-16','','Canara Bank',0.00,'P.O. For Net Banking','approval1',43,'No'),(9,2,0.00,'2024-01-16','','Canara Bank',0.00,'P.O. For Net Banking','approval2',43,'No'),(10,2,0.00,'2024-01-17','','Canara Bank',0.00,'P.O. For Net Banking','approval1',43,'No'),(11,2,0.00,'2024-01-17','','Canara Bank',0.00,'P.O. For Net Banking','approval1',43,'Yes'),(12,2,0.00,'2024-01-17','','Canara Bank',0.00,'P.O. For Net Banking','approval1',43,'Yes'),(13,2,0.00,'2024-01-17','','Canara Bank',0.00,'P.O. For Net Banking','approval1',43,'Yes'),(14,2,0.00,'2024-01-18','','Canara Bank',9.35,'P.O. For Net Banking','approval1',43,'No'),(15,2,0.00,'2024-01-20','','Canara Bank',126.24,'P.O. For Net Banking','approval1',43,'Yes'),(16,2,0.00,'2024-01-20','','Canara Bank',103.78,'P.O. For Net Banking','approval1',43,'No');
/*!40000 ALTER TABLE `tb_paymentorder` ENABLE KEYS */;
UNLOCK TABLES;

--
-- Table structure for table `tb_po_status`
--

DROP TABLE IF EXISTS `tb_po_status`;
/*!40101 SET @saved_cs_client     = @@character_set_client */;
/*!50503 SET character_set_client = utf8mb4 */;
CREATE TABLE `tb_po_status` (
  `statusId` int NOT NULL AUTO_INCREMENT,
  `statusUserid` int NOT NULL,
  `statusPoId` int NOT NULL,
  `status` varchar(30) COLLATE utf8mb4_general_ci NOT NULL,
  `statusDate` datetime NOT NULL DEFAULT CURRENT_TIMESTAMP ON UPDATE CURRENT_TIMESTAMP,
  PRIMARY KEY (`statusId`)
) ENGINE=InnoDB AUTO_INCREMENT=44 DEFAULT CHARSET=utf8mb4 COLLATE=utf8mb4_general_ci;
/*!40101 SET character_set_client = @saved_cs_client */;

--
-- Dumping data for table `tb_po_status`
--

LOCK TABLES `tb_po_status` WRITE;
/*!40000 ALTER TABLE `tb_po_status` DISABLE KEYS */;
INSERT INTO `tb_po_status` VALUES (1,43,1,'accountant','2024-01-14 11:52:16'),(2,43,2,'accountant','2024-01-14 11:59:12'),(3,43,3,'accountant','2024-01-14 12:03:51'),(4,43,1,'accountant','2024-01-15 09:40:12'),(5,43,2,'accountant','2024-01-15 09:40:19'),(6,43,3,'accountant','2024-01-15 09:40:25'),(7,43,4,'accountant','2024-01-15 10:17:49'),(8,43,4,'accountant','2024-01-15 10:30:59'),(9,43,5,'accountant','2024-01-15 11:05:54'),(10,43,5,'accountant','2024-01-15 11:06:41'),(11,43,6,'accountant','2024-01-15 11:12:34'),(12,43,6,'accountant','2024-01-15 11:14:41'),(13,44,1,'approval1','2024-01-15 15:31:34'),(14,44,2,'approval1','2024-01-15 15:33:48'),(15,44,3,'approval1','2024-01-15 15:34:55'),(16,44,4,'approval1','2024-01-15 15:49:09'),(17,44,5,'approval1','2024-01-15 15:49:17'),(18,44,6,'approval1','2024-01-15 15:50:02'),(19,46,1,'approval2','2024-01-15 16:07:49'),(20,46,4,'approval2','2024-01-15 16:07:59'),(21,46,5,'approval2','2024-01-15 16:08:09'),(22,36,4,'approval3','2024-01-15 16:10:38'),(23,43,7,'accountant','2024-01-16 12:47:56'),(24,43,7,'accountant','2024-01-16 12:49:00'),(25,43,8,'accountant','2024-01-16 13:00:22'),(26,43,8,'accountant','2024-01-16 13:02:01'),(27,43,9,'accountant','2024-01-16 13:16:37'),(28,43,10,'accountant','2024-01-17 09:57:39'),(29,43,10,'accountant','2024-01-17 10:01:27'),(30,43,9,'accountant','2024-01-17 10:02:56'),(31,43,11,'accountant','2024-01-17 11:35:03'),(32,43,11,'accountant','2024-01-17 11:35:25'),(33,43,12,'accountant','2024-01-17 11:42:16'),(34,43,12,'accountant','2024-01-17 12:35:16'),(35,43,13,'accountant','2024-01-17 12:39:19'),(36,43,13,'accountant','2024-01-17 12:39:37'),(37,43,14,'accountant','2024-01-18 06:52:41'),(38,43,14,'accountant','2024-01-18 06:53:22'),(39,44,9,'approval1','2024-01-18 13:14:26'),(40,43,15,'accountant','2024-01-20 12:22:25'),(41,43,15,'accountant','2024-01-20 12:32:34'),(42,43,16,'accountant','2024-01-20 12:41:02'),(43,43,16,'accountant','2024-01-20 12:41:26');
/*!40000 ALTER TABLE `tb_po_status` ENABLE KEYS */;
UNLOCK TABLES;

--
-- Table structure for table `tb_remarks`
--

DROP TABLE IF EXISTS `tb_remarks`;
/*!40101 SET @saved_cs_client     = @@character_set_client */;
/*!50503 SET character_set_client = utf8mb4 */;
CREATE TABLE `tb_remarks` (
  `remarksId` int NOT NULL AUTO_INCREMENT,
  `remarksPOId` int NOT NULL,
  `remarksContent` varchar(1000) COLLATE utf8mb4_general_ci NOT NULL,
  `remarksBy` int NOT NULL,
  `remarksCreatedAt` datetime NOT NULL DEFAULT CURRENT_TIMESTAMP ON UPDATE CURRENT_TIMESTAMP,
  PRIMARY KEY (`remarksId`)
) ENGINE=InnoDB AUTO_INCREMENT=10 DEFAULT CHARSET=utf8mb4 COLLATE=utf8mb4_general_ci;
/*!40101 SET character_set_client = @saved_cs_client */;

--
-- Dumping data for table `tb_remarks`
--

LOCK TABLES `tb_remarks` WRITE;
/*!40000 ALTER TABLE `tb_remarks` DISABLE KEYS */;
INSERT INTO `tb_remarks` VALUES (1,4,'Due Date 19.01.2024',43,'2024-01-15 10:30:59'),(2,1,'PLZ DO NEEDFUL',44,'2024-01-15 15:31:34'),(3,2,'OK',44,'2024-01-15 15:33:48'),(4,3,'PLZ CHANGE REMARKS NOT BILL THIS ONLY QUATATION',44,'2024-01-15 15:34:55'),(5,4,'OK',44,'2024-01-15 15:49:09'),(6,5,'OK',44,'2024-01-15 15:49:17'),(7,6,'OK',44,'2024-01-15 15:50:02'),(8,1,'ok',46,'2024-01-15 16:07:49'),(9,7,'ok hai',43,'2024-01-16 12:49:00');
/*!40000 ALTER TABLE `tb_remarks` ENABLE KEYS */;
UNLOCK TABLES;

--
-- Table structure for table `tb_roles`
--

DROP TABLE IF EXISTS `tb_roles`;
/*!40101 SET @saved_cs_client     = @@character_set_client */;
/*!50503 SET character_set_client = utf8mb4 */;
CREATE TABLE `tb_roles` (
  `roleId` int NOT NULL AUTO_INCREMENT,
  `roleKey` varchar(100) COLLATE utf8mb4_general_ci NOT NULL,
  `roleTitle` varchar(100) COLLATE utf8mb4_general_ci NOT NULL,
  `roleOrder` int NOT NULL,
  `roleIsAccount` int NOT NULL,
  PRIMARY KEY (`roleId`)
) ENGINE=InnoDB AUTO_INCREMENT=10 DEFAULT CHARSET=utf8mb4 COLLATE=utf8mb4_general_ci;
/*!40101 SET character_set_client = @saved_cs_client */;

--
-- Dumping data for table `tb_roles`
--

LOCK TABLES `tb_roles` WRITE;
/*!40000 ALTER TABLE `tb_roles` DISABLE KEYS */;
INSERT INTO `tb_roles` VALUES (1,'admin','Admin',6,1),(2,'accountant','Accountant',1,1),(3,'approval1','Approval 1',3,1),(4,'approval2','Approval 2',4,1),(5,'approval3','Final Approval',5,1),(6,'centralStore','Central Store',2,1),(7,'done','Done',8,0),(8,'payer','Payer',7,0),(9,'viewer','Viewer',9,1);
/*!40000 ALTER TABLE `tb_roles` ENABLE KEYS */;
UNLOCK TABLES;

--
-- Table structure for table `tb_vendors`
--

DROP TABLE IF EXISTS `tb_vendors`;
/*!40101 SET @saved_cs_client     = @@character_set_client */;
/*!50503 SET character_set_client = utf8mb4 */;
CREATE TABLE `tb_vendors` (
  `vendorId` int NOT NULL AUTO_INCREMENT,
  `vendorName` varchar(100) COLLATE utf8mb4_general_ci DEFAULT NULL,
  `vendorAccountNo` varchar(100) COLLATE utf8mb4_general_ci DEFAULT NULL,
  `vendorIFSCCode` varchar(50) COLLATE utf8mb4_general_ci DEFAULT NULL,
  `vendorBank` varchar(500) COLLATE utf8mb4_general_ci DEFAULT NULL,
  `vendorCreatedAt` datetime DEFAULT CURRENT_TIMESTAMP,
  `vendorMobile` varchar(15) COLLATE utf8mb4_general_ci DEFAULT NULL,
  `vendorAddress` varchar(500) COLLATE utf8mb4_general_ci DEFAULT NULL,
  `vendorCreatedBy` int DEFAULT NULL,
  `vendorDepartmentId` int DEFAULT NULL,
  PRIMARY KEY (`vendorId`)
) ENGINE=InnoDB AUTO_INCREMENT=82 DEFAULT CHARSET=utf8mb4 COLLATE=utf8mb4_general_ci;
/*!40101 SET character_set_client = @saved_cs_client */;

--
-- Dumping data for table `tb_vendors`
--

LOCK TABLES `tb_vendors` WRITE;
/*!40000 ALTER TABLE `tb_vendors` DISABLE KEYS */;
INSERT INTO `tb_vendors` VALUES (2,'pure trading','09891131000456','PUNB0098910','PNB',NULL,'9999999999','SIRSA',43,2),(3,'Softech Office Products Pvt ltd','412101010000468','UBIN0541214','Union Bank of India',NULL,'9999999999','Nehru Palace',43,2),(4,'Rajiv Oil Store','922030025411311','UTIB0000609','Axis Bank',NULL,'9999999999','Sirsa',43,2),(5,'Bharat Motors','168711100003323','UBIN0535923','Union Bank of India',NULL,'9999999999','SIRSA',43,2),(6,'Varsha Rani','06101930004325','HDFC0000610','HDFC',NULL,'9999999999','Sirsa',43,2),(7,'National Traders','50200057018994','HDFC0000610','HDFC',NULL,'9999999999','SIRSA',43,2),(8,'Sushil Traders','1947002100024987','PUNB0194700','Punjab National Bank',NULL,'9999999999','Sirsa',43,2),(9,'Gaurav Elecric Store','919020093404021','UTIB0003740','Axis Bank',NULL,'9999999999','Sirsa ',43,2),(10,'Azeez Departmental Store','50200060753027','HDFC0009010','HDFC',NULL,'9999999999','Nejia Khera, Sirsa',43,2),(11,'Mask Automation','080905500255','ICIC0000809','ICICI Bank',NULL,'9999999999','Baraut, Uttar Pradesh',43,2),(12,'Satya Pal ( S S Motor Garrage)','50200070175331','HDFC0009010','HDFC',NULL,'9999999999','Nejia Khera, Sirsa',43,2),(14,'MSG Jawan Electric Company','080905002767','ICIC0000809 ','ICICI Bank','2024-01-04 09:48:57','9999999999','Baraut, Uttar Pradesh',43,2),(15,'Parveen Electric Store','140702000001608','IOBA0001407','Indian Overseas Bank','2024-01-04 09:50:09','9999999999','Sirsa',43,2),(16,'Aneja Battery House','6471393557','IDIB000S125','Indian Bank','2024-01-04 09:51:48','9999999999','Sirsa',43,2),(17,'Aryan Enterprises','4113058835','KKBK0004333','Kotak Mahindra Bank','2024-01-04 09:54:10','9999999999','Hissar',43,2),(18,'Samag True Enterprises','2021211626922901','AUBL0002116','AU Small Finance Bank LTD','2024-01-04 09:55:21','9999999999','SIRSA',43,2),(19,'Bombay Motors','1403201002952','CNRB0001403','Canara Bank','2024-01-04 09:56:43','9999999999','Sirsa ',43,2),(20,'India Motor Co.','02991300002119','PSIB0000299','Punjab & Sind Bank','2024-01-04 09:58:11','9999999999','SIRSA',43,2),(21,'Gurdev Glass And Hardware','41039394574','SBIN0014636','State Bank of India','2024-01-04 09:59:33','9999999999','Sirsa ',43,2),(22,'Ahuja Timbers','2343285010077','CNRB0002343','Canara Bank','2024-01-04 10:02:28','9999999999','Fatehabad',43,2),(23,'Sai Kirpa Road Lines','50200055816344','HDFC0001413','HDFC','2024-01-04 10:03:39','9999999999','Sirsa ',43,2),(24,'Sunil Disposal Parts','50200083851520','HDFC0000610','HDFC','2024-01-04 10:07:39','9999999999','Sirsa',43,2),(25,'Shubh Textiles','35642569761','SBIN0001443','State Bank of India','2024-01-04 10:11:17','9999999999','Chandigarh',43,2),(26,'Unnat Associates','03502320000339','HDFC0000350','HDFC','2024-01-04 10:13:33','9999999999','Bhilwara',43,2),(27,'Virdi Auto Electricals','168714010000001','UBIN0816876','Union Bank of India','2024-01-04 10:15:15','9999999999','Barnala Road, Sirsa',43,2),(28,'Dakshin Haryana BIjli Vitran Nigam ','DHBVNL8477280000','ICIC0000106','ICICI Bank','2024-01-04 10:16:51','9999999999','Delhi',43,2),(29,'Dakshin Haryana BIjli Vitran Nigam ','DHBVNL5935370000','ICIC0000106','ICICI Bank','2024-01-05 06:01:06','9999999999','Delhi',43,2),(30,'Ashish Mehta','3665418181','CBIN0285109','Central Bank Of India','2024-01-05 06:03:55','9999999999','SIRSA',43,2),(31,'Dakshin Haryana BIjli Vitran Nigam ','DHBVNL5856670000','ICIC0000106','ICICI Bank','2024-01-05 06:05:10','9999999999','Sirsa',43,2),(32,'Nexcos Multi Service Pvt. Ltd','5545483455','KKBK0004076','Kotak Mahindra Bank','2024-01-05 06:08:58','9999999999','Muktsar',43,2),(33,'Yashika Trading Co','144400000009','CLBL0000144','Capital Small Finance Bank','2024-01-05 06:11:43','9999999999','SIRSA',43,2),(34,'MSG All Trading International Pvt Ltd','072005002695','ICIC0000720','ICICI Bank','2024-01-05 06:13:22','9999999999','Delhi',43,2),(35,'Asian Refrigeration','179811100001556','UBIN0817988','Union Bank of India','2024-01-05 06:14:38','9999999999','Moga',43,2),(36,'Prahanu Genetics Services','093405004680','ICIC0000934','ICICI Bank','2024-01-05 06:16:07','9999999999','Pipli',43,2),(37,'Khatu Shyam Filling Station','32269601769','SBIN0011875','State Bank of India','2024-01-05 06:18:03','9999999999','Sirsa',43,2),(38,'Narang Enterprises','50200037904745','HDFC0001413','HDFC','2024-01-05 06:19:01','9999999999','SIRSA',43,2),(39,'Om Enterprises','50200066187921','HDFC0000610','HDFC','2024-01-05 06:19:56','9999999999','Sirsa',43,2),(40,'Arora Medical Agencies','522590777','IDIB000S125 ','Indian Bank','2024-01-05 06:21:09','9999999999','Sirsa ',43,2),(41,'Dev Pharmacy','02991100002257','PSIB0000299','Punjab & Sind Bank','2024-01-05 06:22:15','9999999999','SIRSA',43,2),(42,'Tasty Cattle Feed','50200038710859','HDFC0009010','HDFC','2024-01-05 06:23:29','9999999999','Nejia Khera, Sirsa',43,2),(43,'Radhey Krishna Polymers','923020003812675','UTIB0001719','Axis Bank','2024-01-08 11:44:23','9999999999','Rohini',43,2),(44,'Ply Samrat','06102560000538','HDFC0000610','HDFC','2024-01-08 11:45:33','9999999999','SIRSA',43,2),(45,'I P Midha Filling Station','50200050078571','HDFC0000610','HDFC','2024-01-08 11:46:34','9999999999','SIRSA',43,2),(46,'Nasa Agro Industries Pvt Ltd','078505000063','ICIC0000785','ICICI Bank','2024-01-08 11:49:09','9999999999','SIRSA',43,2),(47,'Hanuman Traders','1947002100020185','PUNB0043000','Punjab National Bank','2024-01-08 11:51:16','9999999999','SIRSA',43,2),(48,'Mittal Electricals','50200073376001','HDFC0000610','HDFC','2024-01-08 11:58:03','9999999999','SIRSA',43,2),(49,'Edge Life Sciences Pvt Ltd','50200067718226','HDFC0001346','HDFC','2024-01-08 12:01:37','9999999999','bathinda',43,2),(50,'Subhash & Company','08214031000010','PUNB0082110','Punjab National Bank','2024-01-08 12:03:57','9999999999','Keshrisinghpur',43,2),(51,'Palak Enterprises','676530110000144','BKID0006765','Bank of India','2024-01-08 12:20:43','9999999999','SIRSA',43,2),(52,'Raj enterprises','50200057065995','HDFC0000610','HDFC','2024-01-09 08:05:05','9999999999','SIRSA',43,2),(53,'Arihant Electric Company','3326008700004980','PUNB0332600','Punjab National Bank','2024-01-09 08:06:09','9999999999','SIRSA',43,2),(54,'Computer India','923030062709580','UTIB0000392','Axis Bank','2024-01-09 08:07:36','9999999999','Delhi',43,2),(55,'Mehta Computers','50200039769247','HDFC0000610','HDFC','2024-01-09 08:08:55','9999999999','SIRSA',43,2),(56,'Longeval Networks','1914338715','KKBK0004589','Kotak Mahindra Bank','2024-01-09 08:10:11','9999999999','Delhi',43,2),(57,'Meet Building And Trading Company','50200060753053','HDFC0009010','HDFC','2024-01-11 07:44:42','9999999999','Nejia Khera, Sirsa',43,2),(58,'Narula Plywood CO','1947002100012876','PUNB0194700','Punjab National Bank','2024-01-14 11:49:05','9999999999','SIRSA',43,2),(59,'Ek Onkar Auto Electricals','11591100000001','PSIB0021159','Punjab & Sind Bank','2024-01-14 12:01:08','9999999999','Hissar',43,2),(60,'test','987654321','1235456','1225487','2024-01-15 09:01:46','125478','123456',34,6),(61,'Pixel Play Solutions','777705153750','ICIC0006599','ICICI Bank','2024-01-15 09:59:05','9999999999','Moga',43,2),(62,'Dakshin Haryana BIjli Vitran Nigam ','DHBVNL0721033000','ICIC0000106','ICICI Bank','2024-01-15 10:09:15','9999999999','Delhi',43,2),(63,'Dakshin Haryana BIjli Vitran Nigam ','DHBVNL6391870000','ICIC0000106','ICICI Bank','2024-01-15 10:13:20','9999999999','Delhi',43,2),(64,'Dakshin Haryana BIjli Vitran Nigam ','DHBVNL6391870000','ICIC0000106','ICICI Bank','2024-01-15 10:13:55','9999999999','Delhi',43,2),(65,'Smiths Detection Systems Private Ltd','051399491001','HSBC0110002','The Honkong and Shanghai Banking Corporation Ltd','2024-01-15 11:00:52','9999999999','Delhi',43,2),(66,'Samarth Traders','024163400000371','YESB0000241','Yes Bank','2024-01-16 12:41:02','9999999999','Fatehabad',43,2),(67,'Maa Gayatri','343405000578','ICIC0003434','ICICI Bank','2024-01-16 12:52:35','9999999999','Dwarka',43,2),(68,'Anmol Crop Care','200001234387','ESFB0011007','Equitas Small Finance Bank','2024-01-17 09:04:19','9999999999','SIRSA',43,2),(69,'Kalsi industries','99999216200773','HDFC0001389','HDFC','2024-01-17 09:26:07','9999999999','Rampuraphool',43,2),(70,'Shree Bala JI Steel Traders','50200069007371','HDFC0001413','HDFC','2024-01-17 09:47:22','9999999999','SIRSA',43,2),(71,'Rainbow Paint & hardware','09894011000828','PUNB0098910','Punjab National Bank','2024-01-17 11:19:11','9999999999','Sirsa ',43,2),(72,'Granth Vikas','14372320000164 ','HDFC0001437','HDFC','2024-01-17 11:37:38','9999999999','Jaipur',43,2),(73,'KSG Automation Private Ltd','650014065223','INDB0000022','Indusind Bank','2024-01-17 12:36:23','9999999999','SIRSA',43,2),(74,'Dakshin Haryana BIjli Vitran Nigam ','DHBVNL4754353000','ICIC0000106','ICICI Bank','2024-01-18 06:41:46','9999999999','Delhi',43,2),(75,'Jain Auto Home','923030021308667','UTIB0000609 ','Axis Bank','2024-01-19 12:00:53','9999999999','SIRSA',43,2),(76,'Deepak Paints','920020072216757','UTIB0000609','Axis Bank','2024-01-19 12:01:31','9999999999','SIRSA',43,2),(77,'SMB Petro Sewa','36234469550','SBIN0011875','State Bank of India','2024-01-19 12:02:26','9999999999','SIRSA',43,2),(78,'Gujral Tractors','8510000013','KKBK0004072','Kotak Mahindra Bank','2024-01-19 12:03:27','9999999999','Malaut',43,2),(79,'Easy Way Distributors','920020071520880','UTIB0004556','Axis Bank','2024-01-19 12:04:09','9999999999','SIRSA',43,2),(80,'Baweja Electronics Battery House','50200063824020','HDC0009010','HDFC','2024-01-19 12:07:11','9999999999','SIRSA',43,2),(81,'Ashwani kumar ashok kumar','50200046359991','HDFC0001433','HDFC','2024-01-19 12:08:17','9999999999','Hisar',43,2);
/*!40000 ALTER TABLE `tb_vendors` ENABLE KEYS */;
UNLOCK TABLES;

--
-- Table structure for table `tbblock`
--

DROP TABLE IF EXISTS `tbblock`;
/*!40101 SET @saved_cs_client     = @@character_set_client */;
/*!50503 SET character_set_client = utf8mb4 */;
CREATE TABLE `tbblock` (
  `blockid` int NOT NULL AUTO_INCREMENT,
  `blockname` varchar(50) CHARACTER SET utf8mb3 COLLATE utf8mb3_unicode_ci DEFAULT NULL,
  `blockdistrictid` varchar(11) DEFAULT NULL,
  `blockstateid` int NOT NULL,
  `blockcountryid` int NOT NULL,
  `blockpincode` varchar(10) NOT NULL,
  `createdby` varchar(45) DEFAULT NULL,
  `createdon` datetime DEFAULT NULL,
  `modifiedby` varchar(45) DEFAULT NULL,
  `modifiedon` datetime DEFAULT NULL,
  `blkactsts` tinyint(1) DEFAULT '1',
  `blockname_hi` varchar(50) CHARACTER SET utf8mb3 COLLATE utf8mb3_unicode_ci NOT NULL,
  `blockname_pb` varchar(50) CHARACTER SET utf8mb3 COLLATE utf8mb3_unicode_ci NOT NULL,
  `blockrawname` text NOT NULL,
  `blockremark` varchar(500) NOT NULL,
  PRIMARY KEY (`blockid`),
  KEY `blockid` (`blockid`),
  KEY `blockstateid` (`blockstateid`)
) ENGINE=InnoDB AUTO_INCREMENT=1653 DEFAULT CHARSET=latin1;
/*!40101 SET character_set_client = @saved_cs_client */;

--
-- Dumping data for table `tbblock`
--

LOCK TABLES `tbblock` WRITE;
/*!40000 ALTER TABLE `tbblock` DISABLE KEYS */;
INSERT INTO `tbblock` VALUES (1,'Ambala Cantt.','1',1,1,'133001',NULL,NULL,NULL,NULL,1,'अंबाला कैंट','ਅੰਬਾਲਾ ਛਾਉਣੀ','',''),(2,'Ambala City','1',1,1,'',NULL,NULL,NULL,NULL,1,'अंबाला शहर','ਅੰਬਾਲਾ ਸ਼ਹਿਰ','',''),(3,'Barara','1',1,1,'133201',NULL,NULL,NULL,NULL,1,'बरारा','ਬਰਾੜਾ','',''),(4,'Kodwa /Shazadpur','1',1,1,'',NULL,NULL,NULL,NULL,1,'','','',''),(5,'Narayangarh','1',1,1,'',NULL,NULL,NULL,NULL,1,'','','',''),(6,'Matheri Shekhan','1',1,1,'123456',NULL,NULL,NULL,NULL,1,'','','',''),(7,'Mithapur','1',1,1,'',NULL,NULL,NULL,NULL,1,'','','',''),(8,'Lalpur Lakhnaur','1',1,1,'',NULL,NULL,NULL,NULL,1,'','','',''),(9,'Mulana','1',1,1,'',NULL,NULL,NULL,NULL,1,'','','',''),(10,'Kesri','1',1,1,'',NULL,NULL,NULL,NULL,1,'','','',''),(11,'Adhoya','1',1,1,'133205',NULL,NULL,NULL,NULL,1,'','','',''),(12,'Mohra','1',1,1,'',NULL,NULL,NULL,NULL,1,'','','',''),(14,'Bhiwani','2',1,1,'',NULL,NULL,NULL,NULL,1,'','','',''),(16,'Loharu','2',1,1,'',NULL,NULL,NULL,NULL,1,'','','',''),(17,'Tosham','2',1,1,'',NULL,NULL,NULL,NULL,1,'','','',''),(18,'Bawani Khera','2',1,1,'127032',NULL,NULL,NULL,NULL,1,'','','',''),(19,'Siwani','2',1,1,'',NULL,NULL,NULL,NULL,1,'','','',''),(20,'Pandwan','397',1,1,'',NULL,NULL,NULL,NULL,1,'','','',''),(21,'Jhojhu','397',1,1,'',NULL,NULL,NULL,NULL,1,'','','',''),(22,'Dadri','397',1,1,'',NULL,NULL,NULL,NULL,1,'','','',''),(23,'Hisar','3',1,1,'',NULL,NULL,NULL,NULL,1,'','','',''),(24,'Adampur','3',1,1,'125052',NULL,NULL,NULL,NULL,1,'','','',''),(25,'Salemgarh','3',1,1,'',NULL,NULL,NULL,NULL,1,'','','',''),(26,'Barwala','3',1,1,'125121',NULL,NULL,NULL,NULL,1,'','','',''),(27,'Mahenda Garhi','3',1,1,'',NULL,NULL,NULL,NULL,1,'','','',''),(28,'Gangwa','3',1,1,'',NULL,NULL,NULL,NULL,1,'','','',''),(29,'Narnaund ','3',1,1,'',NULL,NULL,NULL,NULL,1,'','','',''),(30,'Hansi','3',1,1,'125033',NULL,NULL,NULL,NULL,1,'','','',''),(31,'Kheri Jalab','3',1,1,'',NULL,NULL,NULL,NULL,1,'','','',''),(33,'Uklana Mandi','3',1,1,'',NULL,NULL,NULL,NULL,1,'','','',''),(35,'Ballabhgarh ','343',1,1,'121004',NULL,NULL,NULL,NULL,1,'','','',''),(37,'Gurugram','5',1,1,'',NULL,NULL,NULL,NULL,1,'','','',''),(38,'Sohna','5',1,1,'',NULL,NULL,NULL,NULL,1,'','','',''),(39,'Manesar','5',1,1,'',NULL,NULL,NULL,NULL,1,'','','',''),(40,'Pataudi','5',1,1,'',NULL,NULL,NULL,NULL,1,'','','',''),(41,'Ateli','6',1,1,'123021',NULL,NULL,NULL,NULL,1,'','','',''),(42,'Narnoul','6',1,1,'',NULL,NULL,NULL,NULL,1,'','','',''),(43,'Mahendargarh','6',1,1,'',NULL,NULL,NULL,NULL,1,'','','',''),(44,'Kanina','6',1,1,'',NULL,NULL,NULL,NULL,1,'','','',''),(46,'Hodal','7',1,1,'',NULL,NULL,NULL,NULL,1,'','','',''),(47,'Palwal','7',1,1,'121102',NULL,NULL,NULL,NULL,1,'','','',''),(48,'Bawal','8',1,1,'123501',NULL,NULL,NULL,NULL,1,'','','',''),(49,'Rewari','8',1,1,'',NULL,NULL,NULL,NULL,1,'','','',''),(50,'Kausali','8',1,1,'',NULL,NULL,NULL,NULL,1,'','','',''),(51,'Dahina','8',1,1,'',NULL,NULL,NULL,NULL,1,'','','',''),(52,'Kund','8',1,1,'',NULL,NULL,NULL,NULL,1,'','','',''),(53,'Bhadangi','8',1,1,'',NULL,NULL,NULL,NULL,1,'','','',''),(54,'Kalanaur','9',1,1,'',NULL,NULL,NULL,NULL,1,'','','',''),(55,'Maham','9',1,1,'',NULL,NULL,NULL,NULL,1,'','','',''),(56,'Kiloi','9',1,1,'',NULL,NULL,NULL,NULL,1,'','','',''),(57,'Rohtak','9',1,1,'',NULL,NULL,NULL,NULL,1,'','','',''),(58,'Ganaur','10',1,1,'',NULL,NULL,NULL,NULL,1,'','','',''),(59,'Gohana','10',1,1,'',NULL,NULL,NULL,NULL,1,'','','',''),(60,'Rai','10',1,1,'',NULL,NULL,NULL,NULL,1,'','','',''),(61,'Sonipat','10',1,1,'',NULL,NULL,NULL,NULL,1,'','','',''),(62,'Kailana','10',1,1,'',NULL,NULL,NULL,NULL,1,'','','',''),(63,'Kharkhoda','10',1,1,'131402',NULL,NULL,NULL,NULL,1,'','','',''),(64,'Bahalgarh','10',1,1,'131021',NULL,NULL,NULL,NULL,1,'','','',''),(65,'Mundlana','10',1,1,'',NULL,NULL,NULL,NULL,1,'','','',''),(66,'Mohana','10',1,1,'',NULL,NULL,NULL,NULL,1,'','','',''),(67,'Kathura','10',1,1,'',NULL,NULL,NULL,NULL,1,'','','',''),(68,'Bhattu Kalan','11',1,1,'125053',NULL,NULL,NULL,NULL,1,'','','',''),(69,'Fatehabad','11',1,1,'',NULL,NULL,NULL,NULL,1,'','','',''),(70,'Hadoli','11',1,1,'',NULL,NULL,NULL,NULL,1,'','','',''),(71,'Jakhal Mandi','11',1,1,'',NULL,NULL,NULL,NULL,1,'','','',''),(72,'Kukrawali','11',1,1,'',NULL,NULL,NULL,NULL,1,'','','',''),(73,'Mahamdpur Rohi','11',1,1,'',NULL,NULL,NULL,NULL,1,'','','',''),(74,'Ratangarh','11',1,1,'',NULL,NULL,NULL,NULL,1,'','','',''),(76,'Ratia','11',1,1,'',NULL,NULL,NULL,NULL,1,'','','',''),(77,'Tohana','11',1,1,'',NULL,NULL,NULL,NULL,1,'','','',''),(78,'Babain','12',1,1,'136156',NULL,NULL,NULL,NULL,1,'','','',''),(79,'Ladwa','12',1,1,'',NULL,NULL,NULL,NULL,1,'','','',''),(80,'Shahbad','12',1,1,'',NULL,NULL,NULL,NULL,1,'','','',''),(81,'Ishak Bakhali','12',1,1,'',NULL,NULL,NULL,NULL,1,'','','',''),(83,'Dhurala','12',1,1,'',NULL,NULL,NULL,NULL,1,'','','',''),(84,'Ismailabad','12',1,1,'',NULL,NULL,NULL,NULL,1,'','','',''),(85,'Kurukshetra','12',1,1,'',NULL,NULL,NULL,NULL,1,'','','',''),(86,'Mandheri','12',1,1,'',NULL,NULL,NULL,NULL,1,'','','',''),(87,'Pihowa','12',1,1,'',NULL,NULL,NULL,NULL,1,'','','',''),(88,'Pipli-Thanesar','12',1,1,'',NULL,NULL,NULL,NULL,1,'','','',''),(89,'Berthla','12',1,1,'',NULL,NULL,NULL,NULL,1,'','','',''),(90,'Israna','13',1,1,'',NULL,NULL,NULL,NULL,1,'','','',''),(91,'Kabri','13',1,1,'',NULL,NULL,NULL,NULL,1,'','','',''),(92,'Madlauda','13',1,1,'',NULL,NULL,NULL,NULL,1,'','','',''),(93,'Nangal Kheri','13',1,1,'',NULL,NULL,NULL,NULL,1,'','','',''),(94,'Panipat','13',1,1,'',NULL,NULL,NULL,NULL,1,'','','',''),(96,'Samalkha','13',1,1,'',NULL,NULL,NULL,NULL,1,'','','',''),(97,'Raipur Rani/Barwala','14',1,1,'134204',NULL,NULL,NULL,NULL,1,'','','',''),(98,'Panchkula','14',1,1,'',NULL,NULL,NULL,NULL,1,'','','',''),(99,'Pinjore Kalka','14',1,1,'',NULL,NULL,NULL,NULL,1,'','','',''),(100,'Amarjeet Pura','15',1,1,'',NULL,NULL,NULL,NULL,1,'','','',''),(101,'MSG Complex','15',1,1,'',NULL,NULL,NULL,NULL,1,'','','',''),(102,'Chakkan/Rampurtheri','15',1,1,'',NULL,NULL,NULL,NULL,1,'','','',''),(103,'Dabwali','15',1,1,'',NULL,NULL,NULL,NULL,1,'','','',''),(104,'Darewala','15',1,1,'',NULL,NULL,NULL,NULL,1,'','','',''),(105,'Ellenabad','15',1,1,'',NULL,NULL,NULL,NULL,1,'','','',''),(106,'Kalyan Nagar','15',1,1,'',NULL,NULL,NULL,NULL,1,'','','',''),(107,'True Soul Complex','15',1,1,'',NULL,NULL,NULL,NULL,1,'','','',''),(108,'Nathusari Chopata','15',1,1,'',NULL,NULL,NULL,NULL,1,'','','',''),(109,'Rania','15',1,1,'',NULL,NULL,NULL,NULL,1,'','','',''),(110,'Shah Satnam Ji Nagar','15',1,1,'',NULL,NULL,NULL,NULL,1,'','','',''),(111,'Shah Satnam Ji Pura','15',1,1,'',NULL,NULL,NULL,NULL,1,'','','',''),(112,'Shri Jalalana Sahib','15',1,1,'',NULL,NULL,NULL,NULL,1,'','','',''),(113,'Rodi','15',1,1,'',NULL,NULL,NULL,NULL,1,'','','',''),(114,'Sirsa','15',1,1,'',NULL,NULL,NULL,NULL,1,'','','',''),(115,'Upkar Colony','15',1,1,'',NULL,NULL,NULL,NULL,1,'','','',''),(116,'Assandh','16',1,1,'132039',NULL,NULL,NULL,NULL,1,'','','',''),(118,'Nigdhu','16',1,1,'',NULL,NULL,NULL,NULL,1,'','','',''),(119,'Gharaunda','16',1,1,'111111',NULL,NULL,NULL,NULL,1,'','','',''),(121,'Kunjpura','16',1,1,'',NULL,NULL,NULL,NULL,1,'','','',''),(122,'Jundla','16',1,1,'',NULL,NULL,NULL,NULL,1,'','','',''),(123,'Karnal','16',1,1,'',NULL,NULL,NULL,NULL,1,'','','',''),(124,'Kambopura','16',1,1,'',NULL,NULL,NULL,NULL,1,'','','',''),(125,'Nilokheri','16',1,1,'',NULL,NULL,NULL,NULL,1,'','','',''),(126,'Nissing','16',1,1,'',NULL,NULL,NULL,NULL,1,'','','',''),(127,'Bahadurgarh','17',1,1,'124507',NULL,NULL,NULL,NULL,1,'','','',''),(128,'Jhajjar','17',1,1,'',NULL,NULL,NULL,NULL,1,'','','',''),(129,'Beri','17',1,1,'124201',NULL,NULL,NULL,NULL,1,'','','',''),(130,'Digal','17',1,1,'',NULL,NULL,NULL,NULL,1,'','','',''),(131,'Sahlawas','17',1,1,'',NULL,NULL,NULL,NULL,1,'','','',''),(132,'Goriyan','17',1,1,'',NULL,NULL,NULL,NULL,1,'','','',''),(133,'Dhamtan Sahib','18',1,1,'',NULL,NULL,NULL,NULL,1,'','','',''),(134,'Jind','18',1,1,'',NULL,NULL,NULL,NULL,1,'','','',''),(135,'Julana','18',1,1,'',NULL,NULL,NULL,NULL,1,'','','',''),(136,'Safidon','18',1,1,'',NULL,NULL,NULL,NULL,1,'','','',''),(137,'Nagura','18',1,1,'',NULL,NULL,NULL,NULL,1,'','','',''),(138,'Kinana','18',1,1,'',NULL,NULL,NULL,NULL,1,'','','',''),(139,'Narwana','18',1,1,'',NULL,NULL,NULL,NULL,1,'','','',''),(140,'Pillu Khera','18',1,1,'',NULL,NULL,NULL,NULL,1,'','','',''),(141,'Uchana','18',1,1,'',NULL,NULL,NULL,NULL,1,'','','',''),(142,'Cheeka','19',1,1,'',NULL,NULL,NULL,NULL,1,'','','',''),(143,'Guhla','19',1,1,'',NULL,NULL,NULL,NULL,1,'','','',''),(144,'Dhand','19',1,1,'',NULL,NULL,NULL,NULL,1,'','','',''),(145,'Kaithal','19',1,1,'',NULL,NULL,NULL,NULL,1,'','','',''),(146,'Kalayat','19',1,1,'',NULL,NULL,NULL,NULL,1,'','','',''),(147,'Pundri','19',1,1,'',NULL,NULL,NULL,NULL,1,'','','',''),(148,'Rajaund','19',1,1,'',NULL,NULL,NULL,NULL,1,'','','',''),(149,'Siwan','19',1,1,'',NULL,NULL,NULL,NULL,1,'','','',''),(150,'Jagadhari','20',1,1,'',NULL,NULL,NULL,NULL,1,'','','',''),(152,'Radaur','20',1,1,'',NULL,NULL,NULL,NULL,1,'','','',''),(153,'Sadhaura','20',1,1,'133204',NULL,NULL,NULL,NULL,1,'','','',''),(154,'Yamuna Nagar','20',1,1,'',NULL,NULL,NULL,NULL,1,'','','',''),(155,'Jathlana','20',1,1,'',NULL,NULL,NULL,NULL,1,'','','',''),(156,'Chhachhroli','20',1,1,'',NULL,NULL,NULL,NULL,1,'','','',''),(157,'Bilaspur','20',1,1,'',NULL,NULL,NULL,NULL,1,'','','',''),(159,'Kail','20',1,1,'',NULL,NULL,NULL,NULL,1,'','','',''),(160,'Talakaur','20',1,1,'',NULL,NULL,NULL,NULL,1,'','','',''),(161,'Balianwali','21',2,1,'',NULL,NULL,NULL,NULL,1,'','','',''),(162,'Bandi','21',2,1,'',NULL,NULL,NULL,NULL,1,'','','',''),(164,'Bhucho Mandi','21',2,1,'',NULL,NULL,NULL,NULL,1,'','','',''),(165,'Chughe Kalan','21',2,1,'',NULL,NULL,NULL,NULL,1,'','','',''),(167,'Maur Mandi','21',2,1,'',NULL,NULL,NULL,NULL,1,'','','',''),(168,'Nasibpura Rama','21',2,1,'',NULL,NULL,NULL,NULL,1,'','','',''),(169,'Rajgarh Salabatpura','21',2,1,'',NULL,NULL,NULL,NULL,1,'','','',''),(171,'Talwandi Sabo','21',2,1,'',NULL,NULL,NULL,NULL,1,'','','',''),(172,'Bareta','22',2,1,'',NULL,NULL,NULL,NULL,1,'','','',''),(173,'Bhikhi','22',2,1,'',NULL,NULL,NULL,NULL,1,'','','',''),(174,'Boha','22',2,1,'',NULL,NULL,NULL,NULL,1,'','','',''),(175,'Budhlada','22',2,1,'',NULL,NULL,NULL,NULL,1,'','','',''),(177,'Jhunir ','22',2,1,'',NULL,NULL,NULL,NULL,1,'','','',''),(178,'Khiala Kalan','22',2,1,'',NULL,NULL,NULL,NULL,1,'','','',''),(179,'Mansa','22',2,1,'',NULL,NULL,NULL,NULL,1,'','','',''),(180,'Sardulgarh','22',2,1,'',NULL,NULL,NULL,NULL,1,'','','',''),(181,'Chandigarh','23',2,1,'',NULL,NULL,NULL,NULL,1,'','','',''),(182,'Saneta','24',2,1,'',NULL,NULL,NULL,NULL,1,'','','',''),(183,'Kurali','24',2,1,'',NULL,NULL,NULL,NULL,1,'','','',''),(185,'Tyourh','24',2,1,'',NULL,NULL,NULL,NULL,1,'','','',''),(186,'Handesara','24',2,1,'',NULL,NULL,NULL,NULL,1,'','','',''),(187,'Mulapur Garibdas','24',2,1,'',NULL,NULL,NULL,NULL,1,'','','',''),(188,'Samgoli','24',2,1,'',NULL,NULL,NULL,NULL,1,'','','',''),(189,'Banur','24',2,1,'',NULL,NULL,NULL,NULL,1,'','','',''),(191,'Kharar                  ','24',2,1,'',NULL,NULL,NULL,NULL,1,'','','',''),(192,'Lalru','24',2,1,'111123',NULL,NULL,NULL,NULL,1,'','','',''),(193,'Mohali','24',2,1,'',NULL,NULL,NULL,NULL,1,'','','',''),(196,'Gobindgarh','25',2,1,'',NULL,NULL,NULL,NULL,1,'','','',''),(198,'Bhalwan','25',2,1,'',NULL,NULL,NULL,NULL,1,'','','',''),(199,'Nadampur','25',2,1,'',NULL,NULL,NULL,NULL,1,'','','',''),(200,'Ahemad Garh','25',2,1,'',NULL,NULL,NULL,NULL,1,'','','',''),(201,'Amargarh','25',2,1,'',NULL,NULL,NULL,NULL,1,'','','',''),(203,'Dharamgarh','25',2,1,'',NULL,NULL,NULL,NULL,1,'','','',''),(204,'Dhuri','25',2,1,'',NULL,NULL,NULL,NULL,1,'','','',''),(205,'Dirba','25',2,1,'',NULL,NULL,NULL,NULL,1,'','','',''),(208,'Lehra Gaga','25',2,1,'',NULL,NULL,NULL,NULL,1,'','','',''),(209,'Longowal','25',2,1,'',NULL,NULL,NULL,NULL,1,'','','',''),(210,'Malerkotla','25',2,1,'',NULL,NULL,NULL,NULL,1,'','','',''),(211,'Moonak','25',2,1,'',NULL,NULL,NULL,NULL,1,'','','',''),(212,'Sangrur','25',2,1,'',NULL,NULL,NULL,NULL,1,'','','',''),(213,'Sherpur','25',2,1,'',NULL,NULL,NULL,NULL,1,'','','',''),(214,'Sunam','25',2,1,'',NULL,NULL,NULL,NULL,1,'','','',''),(215,'Nawan Gaon','26',2,1,'',NULL,NULL,NULL,NULL,1,'','','',''),(216,'Bamna','26',2,1,'',NULL,NULL,NULL,NULL,1,'','','',''),(217,'Mavi Kalan','26',2,1,'',NULL,NULL,NULL,NULL,1,'','','',''),(218,'Sadho Herhi','26',2,1,'',NULL,NULL,NULL,NULL,1,'','','',''),(219,'Bhunar Herhi','26',2,1,'',NULL,NULL,NULL,NULL,1,'','','',''),(221,'Loh Simbli','26',2,1,'',NULL,NULL,NULL,NULL,1,'','','',''),(225,'Bathoi Dakala','26',2,1,'',NULL,NULL,NULL,NULL,1,'','','',''),(227,'Shutrana','26',2,1,'147105',NULL,NULL,NULL,NULL,1,'','','',''),(230,'Mallewal','26',2,1,'',NULL,NULL,NULL,NULL,1,'','','',''),(232,'Ganjukhera','26',2,1,'',NULL,NULL,NULL,NULL,1,'','','',''),(234,'Bhadson              ','26',2,1,'',NULL,NULL,NULL,NULL,1,'','','',''),(235,'Devigarh','26',2,1,'',NULL,NULL,NULL,NULL,1,'','','',''),(236,'Balveda','26',2,1,'',NULL,NULL,NULL,NULL,1,'','','',''),(237,'Ghagga','26',2,1,'',NULL,NULL,NULL,NULL,1,'','','',''),(239,'Nabha','26',2,1,'',NULL,NULL,NULL,NULL,1,'','','',''),(240,'Bahadurgarh','26',2,1,'',NULL,NULL,NULL,NULL,1,'','','',''),(241,'Patiala','26',2,1,'',NULL,NULL,NULL,NULL,1,'','','',''),(242,'Patran','26',2,1,'',NULL,NULL,NULL,NULL,1,'','','',''),(243,'Rajpura','26',2,1,'',NULL,NULL,NULL,NULL,1,'','','',''),(244,'Samana','26',2,1,'',NULL,NULL,NULL,NULL,1,'','','',''),(245,'Sanour ','26',2,1,'',NULL,NULL,NULL,NULL,1,'','','',''),(246,'Koom Kalan','27',2,1,'',NULL,NULL,NULL,NULL,1,'','','',''),(247,'Sarinh','27',2,1,'',NULL,NULL,NULL,NULL,1,'','','',''),(248,'Sidhwa Bait','27',2,1,'',NULL,NULL,NULL,NULL,1,'','','',''),(249,'Kila Raipur','27',2,1,'',NULL,NULL,NULL,NULL,1,'','','',''),(251,'Sane Wal','27',2,1,'',NULL,NULL,NULL,NULL,1,'','','',''),(252,'Maloud','27',2,1,'',NULL,NULL,NULL,NULL,1,'','','',''),(253,'Machiwara','27',2,1,'',NULL,NULL,NULL,NULL,1,'','','',''),(254,'Doraha','27',2,1,'',NULL,NULL,NULL,NULL,1,'','','',''),(256,'Jagraon','27',2,1,'',NULL,NULL,NULL,NULL,1,'','','',''),(257,'Khanna               ','27',2,1,'',NULL,NULL,NULL,NULL,1,'','','',''),(258,'Ludhiana','27',2,1,'',NULL,NULL,NULL,NULL,1,'','','',''),(259,'Mangat','27',2,1,'',NULL,NULL,NULL,NULL,1,'','','',''),(261,'Payal','27',2,1,'',NULL,NULL,NULL,NULL,1,'','','',''),(262,'Raikot','27',2,1,'',NULL,NULL,NULL,NULL,1,'','','',''),(263,'Samrala','27',2,1,'',NULL,NULL,NULL,NULL,1,'','','',''),(264,'Amloh              ','28',2,1,'',NULL,NULL,NULL,NULL,1,'','','',''),(265,'Basi Pathana        ','28',2,1,'',NULL,NULL,NULL,NULL,1,'','','',''),(266,'Mandi Gobindgarh','28',2,1,'',NULL,NULL,NULL,NULL,1,'','','',''),(267,'Sirhind','28',2,1,'',NULL,NULL,NULL,NULL,1,'','','',''),(268,'Jakhwali','28',2,1,'',NULL,NULL,NULL,NULL,1,'','','',''),(269,'Firozpur Cant','29',2,1,'',NULL,NULL,NULL,NULL,1,'','','',''),(270,'Firozpur City','29',2,1,'',NULL,NULL,NULL,NULL,1,'','','',''),(271,'Mallwala','29',2,1,'',NULL,NULL,NULL,NULL,1,'','','',''),(272,'Makhu','29',2,1,'',NULL,NULL,NULL,NULL,1,'','','',''),(273,'Kul Garhi','29',2,1,'',NULL,NULL,NULL,NULL,1,'','','',''),(274,'Hakumat Sing Wala','29',2,1,'',NULL,NULL,NULL,NULL,1,'','','',''),(275,'Atari','29',2,1,'',NULL,NULL,NULL,NULL,1,'','','',''),(276,'Bare Ke','29',2,1,'',NULL,NULL,NULL,NULL,1,'','','',''),(277,'Chak Jamalgarh ','29',2,1,'',NULL,NULL,NULL,NULL,1,'','','',''),(278,'Amir Khas','29',2,1,'',NULL,NULL,NULL,NULL,1,'','','',''),(279,'Alphuke','29',2,1,'',NULL,NULL,NULL,NULL,1,'','','',''),(282,'Mamdot','29',2,1,'',NULL,NULL,NULL,NULL,1,'','','',''),(283,'Saide ke Mohan','29',2,1,'',NULL,NULL,NULL,NULL,1,'','','',''),(284,'Talwandi Bhai','29',2,1,'',NULL,NULL,NULL,NULL,1,'','','',''),(285,'Zira              ','29',2,1,'',NULL,NULL,NULL,NULL,1,'','','',''),(286,'Mandi LadhuKa','30',2,1,'152123',NULL,NULL,NULL,NULL,1,'','','',''),(288,'Sito Guno','30',2,1,'',NULL,NULL,NULL,NULL,1,'','','',''),(289,'Tarewala','30',2,1,'',NULL,NULL,NULL,NULL,1,'','','',''),(290,'Ghubaya','30',2,1,'',NULL,NULL,NULL,NULL,1,'','','',''),(291,'Abohar','30',2,1,'',NULL,NULL,NULL,NULL,1,'','','',''),(292,'Arniwala','30',2,1,'',NULL,NULL,NULL,NULL,1,'','','',''),(293,'Balluana','30',2,1,'',NULL,NULL,NULL,NULL,1,'','','',''),(294,'Chak Singewala','30',2,1,'',NULL,NULL,NULL,NULL,1,'','','',''),(295,'Fazilka','30',2,1,'',NULL,NULL,NULL,NULL,1,'','','',''),(296,'Jalalabad','30',2,1,'',NULL,NULL,NULL,NULL,1,'','','',''),(297,'Kabul Shah khuban','30',2,1,'',NULL,NULL,NULL,NULL,1,'','','',''),(299,'Kikkar Khera','30',2,1,'',NULL,NULL,NULL,NULL,1,'','','',''),(300,'Bargari','31',2,1,'',NULL,NULL,NULL,NULL,1,'','','',''),(301,'Jaito','31',2,1,'',NULL,NULL,NULL,NULL,1,'','','',''),(302,'Kotkapura','31',2,1,'',NULL,NULL,NULL,NULL,1,'','','',''),(303,'Faridkot','31',2,1,'',NULL,NULL,NULL,NULL,1,'','','',''),(305,'Mangat Badhai','32',2,1,'',NULL,NULL,NULL,NULL,1,'','','',''),(306,'Bariwala','32',2,1,'',NULL,NULL,NULL,NULL,1,'','','',''),(307,'Doda','32',2,1,'',NULL,NULL,NULL,NULL,1,'','','',''),(308,'Giddarbaha','32',2,1,'456466',NULL,NULL,NULL,NULL,1,'','','',''),(309,'Lambi      ','32',2,1,'',NULL,NULL,NULL,NULL,1,'','','',''),(310,'Kot Bhai','32',2,1,'',NULL,NULL,NULL,NULL,1,'','','',''),(311,'Malout','32',2,1,'',NULL,NULL,NULL,NULL,1,'','','',''),(312,'Sri Muktsar Sahib','32',2,1,'',NULL,NULL,NULL,NULL,1,'','','',''),(313,'Kabarwala','32',2,1,'897666',NULL,NULL,NULL,NULL,1,'','','',''),(315,'Barnala ','33',2,1,'',NULL,NULL,NULL,NULL,1,'','','',''),(316,'Mahal Kalan','33',2,1,'',NULL,NULL,NULL,NULL,1,'','','',''),(317,'Tapa Bhadaur','33',2,1,'',NULL,NULL,NULL,NULL,1,'','','',''),(318,'Bhinder Kalan','34',2,1,'',NULL,NULL,NULL,NULL,1,'','','',''),(320,'Bagha Purana','34',2,1,'',NULL,NULL,NULL,NULL,1,'','','',''),(321,'Dharamkot','34',2,1,'142042',NULL,NULL,NULL,NULL,1,'','','',''),(322,'Marhi  Mustafa','34',2,1,'',NULL,NULL,NULL,NULL,1,'','','',''),(323,'Moga','34',2,1,'',NULL,NULL,NULL,NULL,1,'','','',''),(324,'Buttar Badhni','34',2,1,'234232',NULL,NULL,NULL,NULL,1,'','','',''),(325,'Nihal Singh Wala  ','34',2,1,'',NULL,NULL,NULL,NULL,1,'','','',''),(326,'Kot Ise Khan','34',2,1,'',NULL,NULL,NULL,NULL,1,'','','',''),(327,'Amritsar','35',2,1,'',NULL,NULL,NULL,NULL,1,'','','',''),(329,'Hoshiarpur         ','37',2,1,'',NULL,NULL,NULL,NULL,1,'','','',''),(330,'Mukerian            ','37',2,1,'',NULL,NULL,NULL,NULL,1,'','','',''),(331,'Apra             ','38',2,1,'',NULL,NULL,NULL,NULL,1,'','','',''),(332,'Jalandhar','38',2,1,'',NULL,NULL,NULL,NULL,1,'','','',''),(334,'Kapurthala','39',2,1,'',NULL,NULL,NULL,NULL,1,'','','',''),(336,'Balachaur','40',2,1,'',NULL,NULL,NULL,NULL,1,'','','',''),(337,'Mukandpur','40',2,1,'',NULL,NULL,NULL,NULL,1,'','','',''),(338,'Ropar','41',2,1,'',NULL,NULL,NULL,NULL,1,'','','',''),(339,'Bhikhi Wind','42',2,1,'',NULL,NULL,NULL,NULL,1,'','','',''),(340,'Tarntaran','42',2,1,'000000',NULL,NULL,NULL,NULL,1,'','','',''),(341,'Anupghar','43',4,1,'335701',NULL,NULL,NULL,NULL,1,'','','',''),(342,'Sri Karanpur','43',4,1,'',NULL,NULL,NULL,NULL,1,'','','',''),(343,'Keri','43',4,1,'',NULL,NULL,NULL,NULL,1,'','','',''),(344,'Gharsana','43',4,1,'',NULL,NULL,NULL,NULL,1,'','','',''),(345,'Dhringha wali','43',4,1,'',NULL,NULL,NULL,NULL,1,'','','',''),(346,'Padampur','43',4,1,'',NULL,NULL,NULL,NULL,1,'','','',''),(347,'Banda kalony','43',4,1,'',NULL,NULL,NULL,NULL,1,'','','',''),(348,'Raisingh Nager','43',4,1,'',NULL,NULL,NULL,NULL,1,'','','',''),(349,'VijayNagar','43',4,1,'',NULL,NULL,NULL,NULL,1,'','','',''),(350,'Shri Gurusar Modia','43',4,1,'',NULL,NULL,NULL,NULL,1,'','','',''),(351,'Shri GangaNager','43',4,1,'',NULL,NULL,NULL,NULL,1,'','','',''),(352,'Sameja Kothi','43',4,1,'',NULL,NULL,NULL,NULL,1,'','','',''),(353,'Suratgarh','43',4,1,'',NULL,NULL,NULL,NULL,1,'','','',''),(354,'Chak Mahrajka /Lalgarh','43',4,1,'',NULL,NULL,NULL,NULL,1,'','','',''),(355,'Sadul Shehar','43',4,1,'',NULL,NULL,NULL,NULL,1,'','','',''),(356,'Rawla','43',4,1,'',NULL,NULL,NULL,NULL,1,'','','',''),(357,'Rattewala','43',4,1,'',NULL,NULL,NULL,NULL,1,'','','',''),(358,'Kesri Singh Pur','43',4,1,'',NULL,NULL,NULL,NULL,1,'','','',''),(359,'1 C','43',4,1,'',NULL,NULL,NULL,NULL,1,'','','',''),(360,'63 G.B','43',4,1,'',NULL,NULL,NULL,NULL,1,'','','',''),(361,'GajjSingh Pur','43',4,1,'',NULL,NULL,NULL,NULL,1,'','','',''),(362,'Choonawad','43',4,1,'',NULL,NULL,NULL,NULL,1,'','','',''),(363,'Jaitsar','43',4,1,'123456',NULL,NULL,NULL,NULL,1,'','','',''),(364,'Behwala','43',4,1,'',NULL,NULL,NULL,NULL,1,'','','',''),(365,'Ridmalsar','43',4,1,'',NULL,NULL,NULL,NULL,1,'','','',''),(366,'Ladhuwala','43',4,1,'',NULL,NULL,NULL,NULL,1,'','','',''),(367,'365 Head','43',4,1,'',NULL,NULL,NULL,NULL,1,'','','',''),(368,'32 M L','43',4,1,'',NULL,NULL,NULL,NULL,1,'','','',''),(369,'3 j j Khichyain','43',4,1,'',NULL,NULL,NULL,NULL,1,'','','',''),(370,'Sahjipura','44',4,1,'000000',NULL,NULL,NULL,NULL,1,'','','',''),(371,'Fefana /Nohar','44',4,1,'',NULL,NULL,NULL,NULL,1,'','','',''),(372,'Hanumangarh','44',4,1,'',NULL,NULL,NULL,NULL,1,'','','',''),(373,'Mahrana','44',4,1,'',NULL,NULL,NULL,NULL,1,'','','',''),(374,'Nethrana','44',4,1,'',NULL,NULL,NULL,NULL,1,'','','',''),(375,'Bhagwanpura','44',4,1,'',NULL,NULL,NULL,NULL,1,'','','',''),(376,'Pilibanga','44',4,1,'',NULL,NULL,NULL,NULL,1,'','','',''),(377,'Sangria','44',4,1,'',NULL,NULL,NULL,NULL,1,'','','',''),(378,'Tibbi','44',4,1,'',NULL,NULL,NULL,NULL,1,'','','',''),(379,'Rawatsar','44',4,1,'',NULL,NULL,NULL,NULL,1,'','','',''),(380,'Pakka Sharna','44',4,1,'',NULL,NULL,NULL,NULL,1,'','','',''),(381,'Bhadra','44',4,1,'',NULL,NULL,NULL,NULL,1,'','','',''),(382,'Silwala Khurd','44',4,1,'',NULL,NULL,NULL,NULL,1,'','','',''),(383,'Panwar','45',4,1,'',NULL,NULL,NULL,NULL,1,'','','',''),(384,'Bhiwani Mandi','45',4,1,'',NULL,NULL,NULL,NULL,1,'','','',''),(385,'Bandikui','46',4,1,'',NULL,NULL,NULL,NULL,1,'','','',''),(386,'Mandawar','46',4,1,'123456',NULL,NULL,NULL,NULL,1,'','','',''),(387,'Dosa','46',4,1,'',NULL,NULL,NULL,NULL,1,'','','',''),(388,'Alwar','47',4,1,'',NULL,NULL,NULL,NULL,1,'','','',''),(389,'Rajgarh','47',4,1,'',NULL,NULL,NULL,NULL,1,'','','',''),(390,'Bahror','47',4,1,'301701',NULL,NULL,NULL,NULL,1,'','','',''),(391,'Kishangarhvas','47',4,1,'',NULL,NULL,NULL,NULL,1,'','','',''),(392,'Ajijpura','47',4,1,'',NULL,NULL,NULL,NULL,1,'','','',''),(393,'Tijara','47',4,1,'',NULL,NULL,NULL,NULL,1,'','','',''),(394,'Mubarakpur','47',4,1,'',NULL,NULL,NULL,NULL,1,'','','',''),(396,'Chirwai','47',4,1,'',NULL,NULL,NULL,NULL,1,'','','',''),(397,'Bahadur pur','47',4,1,'',NULL,NULL,NULL,NULL,1,'','','',''),(398,'Desula','47',4,1,'',NULL,NULL,NULL,NULL,1,'','','',''),(399,'Shah Jahan Pur','47',4,1,'',NULL,NULL,NULL,NULL,1,'','','',''),(400,'Rajgarh','48',4,1,'',NULL,NULL,NULL,NULL,1,'','','',''),(401,'Sidhmukh','48',4,1,'',NULL,NULL,NULL,NULL,1,'','','',''),(402,'Rajpura','48',4,1,'',NULL,NULL,NULL,NULL,1,'','','',''),(403,'Churu','48',4,1,'',NULL,NULL,NULL,NULL,1,'','','',''),(404,'Dadrewa','48',4,1,'',NULL,NULL,NULL,NULL,1,'','','',''),(405,'Sardar Shahar ','48',4,1,'',NULL,NULL,NULL,NULL,1,'','','',''),(406,'TaraNagar','48',4,1,'',NULL,NULL,NULL,NULL,1,'','','',''),(407,'Phulera','49',4,1,'',NULL,NULL,NULL,NULL,1,'','','',''),(408,'Jamwaramgarh','49',4,1,'',NULL,NULL,NULL,NULL,1,'','','',''),(410,'Kautpotli','49',4,1,'',NULL,NULL,NULL,NULL,1,'','','',''),(411,'Jaipur','49',4,1,'',NULL,NULL,NULL,NULL,1,'','','',''),(412,'Badhal','49',4,1,'303602',NULL,NULL,NULL,NULL,1,'','','',''),(413,'Neem Ka Thana','50',4,1,'',NULL,NULL,NULL,NULL,1,'','','',''),(414,'Shri Madhopur','50',4,1,'',NULL,NULL,NULL,NULL,1,'','','',''),(415,'Khandela','50',4,1,'',NULL,NULL,NULL,NULL,1,'','','',''),(416,'Pattanvati','50',4,1,'',NULL,NULL,NULL,NULL,1,'','','',''),(417,'Fatehpuri','50',4,1,'',NULL,NULL,NULL,NULL,1,'','','',''),(418,'Sikar','50',4,1,'',NULL,NULL,NULL,NULL,1,'','','',''),(419,'Udaypurvati','51',4,1,'',NULL,NULL,NULL,NULL,1,'','','',''),(420,'Khethri','51',4,1,'',NULL,NULL,NULL,NULL,1,'','','',''),(421,'Pilani','51',4,1,'',NULL,NULL,NULL,NULL,1,'','','',''),(422,'Jhunjhunu','51',4,1,'',NULL,NULL,NULL,NULL,1,'','','',''),(423,'Malsisar','51',4,1,'',NULL,NULL,NULL,NULL,1,'','','',''),(424,'Kota','52',4,1,'',NULL,NULL,NULL,NULL,1,'','','',''),(425,'Itawa','52',4,1,'',NULL,NULL,NULL,NULL,1,'','','',''),(426,'Bikaner','53',4,1,'',NULL,NULL,NULL,NULL,1,'','','',''),(427,'Khajuwala','53',4,1,'',NULL,NULL,NULL,NULL,1,'','','',''),(428,'Shri Kolayat','53',4,1,'',NULL,NULL,NULL,NULL,1,'','','',''),(429,'Bundi','54',4,1,'',NULL,NULL,NULL,NULL,1,'','','',''),(430,'Keshavravpattan','54',4,1,'',NULL,NULL,NULL,NULL,1,'','','',''),(431,'Bharatpur','55',4,1,'',NULL,NULL,NULL,NULL,1,'','','',''),(432,'Flaudi','56',4,1,'',NULL,NULL,NULL,NULL,1,'','','',''),(433,'Baran','388',4,1,'325205',NULL,NULL,NULL,NULL,1,'','','',''),(434,'Todabheem','58',4,1,'',NULL,NULL,NULL,NULL,1,'','','',''),(435,'Rawat Bhata','59',4,1,'',NULL,NULL,NULL,NULL,1,'','','',''),(436,'Dhaulpur','60',4,1,'',NULL,NULL,NULL,NULL,1,'','','',''),(437,'Kotra','278',4,1,'307025',NULL,NULL,NULL,NULL,1,'','','',''),(438,'Tonk','62',4,1,'',NULL,NULL,NULL,NULL,1,'','','',''),(439,'Hardi ','63',23,1,'',NULL,NULL,NULL,NULL,1,'','','',''),(440,'Kodwa ','64',23,1,'',NULL,NULL,NULL,NULL,1,'','','',''),(441,'Baikunthpur','65',23,1,'',NULL,NULL,NULL,NULL,1,'','','',''),(442,'Karoti','66',23,1,'',NULL,NULL,NULL,NULL,1,'','','',''),(443,'Binkara','67',23,1,'',NULL,NULL,NULL,NULL,1,'','','',''),(444,'Kelhari','65',23,1,'',NULL,NULL,NULL,NULL,1,'','','',''),(445,'Vishrampur','66',23,1,'',NULL,NULL,NULL,NULL,1,'','','',''),(446,'Srinagar','68',23,1,'',NULL,NULL,NULL,NULL,1,'','','',''),(447,'Jarhi  ','69',23,1,'',NULL,NULL,NULL,NULL,1,'','','',''),(448,'Bijuri','69',23,1,'',NULL,NULL,NULL,NULL,1,'','','',''),(449,'Koriya','65',23,1,'',NULL,NULL,NULL,NULL,1,'','','',''),(450,'Anuppur (MP)','69',23,1,'',NULL,NULL,NULL,NULL,1,'','','',''),(451,'Narela Alipur ','341',8,1,'456455',NULL,NULL,NULL,NULL,1,'','','',''),(452,'Gokulpur','187',8,1,'123123',NULL,NULL,NULL,NULL,1,'','','',''),(454,'Babarpur','187',8,1,'234223',NULL,NULL,NULL,NULL,1,'','','',''),(455,'Vikaspuri','73',8,1,'121234',NULL,NULL,NULL,NULL,1,'','','',''),(456,'Shahdara','187',8,1,'123123',NULL,NULL,NULL,NULL,1,'','','',''),(459,'Burari','341',8,1,'123125',NULL,NULL,NULL,NULL,1,'','','',''),(460,'Karawal Nagar','187',8,1,'123123',NULL,NULL,NULL,NULL,1,'','','',''),(462,'Palam','73',8,1,'',NULL,NULL,NULL,NULL,1,'','','',''),(463,'Mehrauli','74',8,1,'456464',NULL,NULL,NULL,NULL,1,'','','',''),(464,'Rohtash Nagar','187',8,1,'324323',NULL,NULL,NULL,NULL,1,'','','',''),(465,'Purvi Delhi','187',8,1,'234232',NULL,NULL,NULL,NULL,1,'','','',''),(466,'Dallupura','74',8,1,'',NULL,NULL,NULL,NULL,1,'','','',''),(467,'Sangam Vihar  Devli','74',8,1,'456444',NULL,NULL,NULL,NULL,1,'','','',''),(468,'Bawana','341',8,1,'656577',NULL,NULL,NULL,NULL,1,'','','',''),(471,'Tughlakabad','74',8,1,'675675',NULL,NULL,NULL,NULL,1,'','','',''),(472,'Prem Nagar kirari','341',8,1,'657567',NULL,NULL,NULL,NULL,1,'','','',''),(474,'Badarpur','74',8,1,'',NULL,NULL,NULL,NULL,1,'','','',''),(475,'Okhla','74',8,1,'456545',NULL,NULL,NULL,NULL,1,'','','',''),(476,'Mangolpuri','341',8,1,'454566',NULL,NULL,NULL,NULL,1,'','','',''),(477,'Uttam Nagar','73',8,1,'',NULL,NULL,NULL,NULL,1,'','','',''),(478,'Jahangirpuri','341',8,1,'675755',NULL,NULL,NULL,NULL,1,'','','',''),(479,'Trilokpuri','74',8,1,'',NULL,NULL,NULL,NULL,1,'','','',''),(480,'Patparganj ','74',8,1,'234234',NULL,NULL,NULL,NULL,1,'','','',''),(481,'Rohini','341',8,1,'564564',NULL,NULL,NULL,NULL,1,'','','',''),(482,'Badli','341',8,1,'123122',NULL,NULL,NULL,NULL,1,'','','',''),(485,'Dhodar','77',6,1,'',NULL,NULL,NULL,NULL,0,'','','',''),(487,'Aser Sarola','79',6,1,'',NULL,NULL,NULL,NULL,1,'','','',''),(488,'Nagda','80',6,1,'',NULL,NULL,NULL,NULL,1,'','','',''),(489,'Obdulaganj','81',6,1,'',NULL,NULL,NULL,NULL,1,'','','',''),(492,'Kailaras','84',6,1,'',NULL,NULL,NULL,NULL,1,'','','',''),(493,'Ambah','85',6,1,'',NULL,NULL,NULL,NULL,1,'','','',''),(494,'Gwalior','92',6,1,'',NULL,NULL,NULL,NULL,0,'','','',''),(495,'Sultanpur','87',6,1,'',NULL,NULL,NULL,NULL,1,'','','',''),(497,'Shahganj','89',6,1,'',NULL,NULL,NULL,NULL,1,'','','',''),(498,'Budni','90',6,1,'',NULL,NULL,NULL,NULL,1,'','','',''),(500,'Aamla','223',6,1,'',NULL,NULL,NULL,NULL,1,'','','',''),(501,'Shivpur','93',6,1,'',NULL,NULL,NULL,NULL,1,'','','',''),(502,'Manjholi','94',6,1,'',NULL,NULL,NULL,NULL,1,'','','',''),(503,'Agra Dehat','95',3,1,'',NULL,NULL,NULL,NULL,1,'','','',''),(504,'Agra Cantt','95',3,1,'000000',NULL,NULL,NULL,NULL,1,'','','',''),(505,'Kheragarh','95',3,1,'283121',NULL,NULL,NULL,NULL,1,'','','',''),(506,'Fatehabad','95',3,1,'',NULL,NULL,NULL,NULL,1,'','','',''),(507,'Aidmatpur','95',3,1,'',NULL,NULL,NULL,NULL,1,'','','',''),(508,'Jagner','95',3,1,'',NULL,NULL,NULL,NULL,1,'','','',''),(509,'Tehra','95',3,1,'',NULL,NULL,NULL,NULL,1,'','','',''),(510,'Dayalbag','95',3,1,'282005',NULL,NULL,NULL,NULL,1,'','','',''),(511,'Bah','95',3,1,'',NULL,NULL,NULL,NULL,1,'','','',''),(512,'Ajamgarh','96',3,1,'',NULL,NULL,NULL,NULL,1,'','','',''),(513,'Brouli','97',3,1,'',NULL,NULL,NULL,NULL,1,'','','',''),(514,'Atrouli','97',3,1,'',NULL,NULL,NULL,NULL,1,'','','',''),(515,'Dhanipur Mandi','97',3,1,'',NULL,NULL,NULL,NULL,1,'','','',''),(517,'Aligarh Shahar','97',3,1,'',NULL,NULL,NULL,NULL,1,'','','',''),(518,'Eglas','97',3,1,'',NULL,NULL,NULL,NULL,1,'','','',''),(519,'Khair','97',3,1,'',NULL,NULL,NULL,NULL,1,'','','',''),(520,'Tiloi Mohanganj ','98',3,1,'229309',NULL,NULL,NULL,NULL,1,'','','',''),(521,'Gouriganj','98',3,1,'',NULL,NULL,NULL,NULL,1,'','','',''),(522,'Amethi','98',3,1,'',NULL,NULL,NULL,NULL,1,'','','',''),(523,'Mandi Dhanoura','99',3,1,'',NULL,NULL,NULL,NULL,1,'','','',''),(524,'Hasanpur','99',3,1,'',NULL,NULL,NULL,NULL,1,'','','',''),(525,'Amroha','99',3,1,'',NULL,NULL,NULL,NULL,1,'','','',''),(526,'Atrasi','99',3,1,'',NULL,NULL,NULL,NULL,1,'','','',''),(527,'Dhavarasi','99',3,1,'',NULL,NULL,NULL,NULL,1,'','','',''),(528,'Gangeshwari','99',3,1,'',NULL,NULL,NULL,NULL,1,'','','',''),(529,'Kelsa','99',3,1,'',NULL,NULL,NULL,NULL,1,'','','',''),(530,'Jeerkhi','99',3,1,'',NULL,NULL,NULL,NULL,1,'','','',''),(531,'Gajroula','99',3,1,'',NULL,NULL,NULL,NULL,1,'','','',''),(533,'Bisouli','100',3,1,'',NULL,NULL,NULL,NULL,1,'','','',''),(535,'Mayau','100',3,1,'',NULL,NULL,NULL,NULL,1,'','','',''),(536,'Bagpat','101',3,1,'',NULL,NULL,NULL,NULL,1,'','','',''),(537,'Baraut','101',3,1,'250611',NULL,NULL,NULL,NULL,1,'','','',''),(538,'Barnawa','101',3,1,'',NULL,NULL,NULL,NULL,1,'','','',''),(539,'Chhaproli','101',3,1,'',NULL,NULL,NULL,NULL,1,'','','',''),(540,'Doghat','101',3,1,'',NULL,NULL,NULL,NULL,1,'','','',''),(541,'Khekra','101',3,1,'',NULL,NULL,NULL,NULL,1,'','','',''),(542,'Aminagar Saraye','101',3,1,'',NULL,NULL,NULL,NULL,1,'','','',''),(543,'Dhanaura','101',3,1,'250622',NULL,NULL,NULL,NULL,1,'','','',''),(544,'Jonmana','101',3,1,'',NULL,NULL,NULL,NULL,1,'','','',''),(548,'Nagina','104',3,1,'',NULL,NULL,NULL,NULL,1,'','','',''),(549,'Bijnour','104',3,1,'',NULL,NULL,NULL,NULL,1,'','','',''),(550,'Nahtour','104',3,1,'',NULL,NULL,NULL,NULL,1,'','','',''),(551,'Chandpur','104',3,1,'',NULL,NULL,NULL,NULL,1,'','','',''),(552,'Dhampur','104',3,1,'',NULL,NULL,NULL,NULL,1,'','','',''),(553,'Noorpur','104',3,1,'',NULL,NULL,NULL,NULL,1,'','','',''),(554,'DaraNagar Ganj','104',3,1,'',NULL,NULL,NULL,NULL,1,'','','',''),(555,'Dayalwala','104',3,1,'',NULL,NULL,NULL,NULL,1,'','','',''),(556,'Barhapur','104',3,1,'',NULL,NULL,NULL,NULL,1,'','','',''),(557,'Najibabad','104',3,1,'',NULL,NULL,NULL,NULL,1,'','','',''),(558,'Siyana','105',3,1,'',NULL,NULL,NULL,NULL,1,'','','',''),(560,'Dibai','105',3,1,'',NULL,NULL,NULL,NULL,1,'','','',''),(561,'Shikarpur','105',3,1,'',NULL,NULL,NULL,NULL,1,'','','',''),(562,'Pahasu','105',3,1,'',NULL,NULL,NULL,NULL,1,'','','',''),(563,'Khurja','105',3,1,'',NULL,NULL,NULL,NULL,1,'','','',''),(565,'Agota','105',3,1,'',NULL,NULL,NULL,NULL,1,'','','',''),(567,'Bulandshahar','105',3,1,'111111',NULL,NULL,NULL,NULL,1,'','','',''),(568,'Eta','106',3,1,'',NULL,NULL,NULL,NULL,1,'','','',''),(569,'Ghumari','106',3,1,'',NULL,NULL,NULL,NULL,1,'','','',''),(570,'Etawa','107',3,1,'',NULL,NULL,NULL,NULL,1,'','','',''),(571,'Bharthana','107',3,1,'',NULL,NULL,NULL,NULL,1,'','','',''),(572,'Ayodhaya','108',3,1,'',NULL,NULL,NULL,NULL,1,'','','',''),(573,'Gosaiganj','108',3,1,'',NULL,NULL,NULL,NULL,1,'','','',''),(574,'Bikapur','108',3,1,'',NULL,NULL,NULL,NULL,1,'','','',''),(575,'Sohawal','108',3,1,'',NULL,NULL,NULL,NULL,1,'','','',''),(576,'Milkipur','108',3,1,'',NULL,NULL,NULL,NULL,1,'','','',''),(577,'Kayamganj','109',3,1,'',NULL,NULL,NULL,NULL,1,'','','',''),(578,'Farukhabad','109',3,1,'',NULL,NULL,NULL,NULL,1,'','','',''),(581,'Sarsaganj','109',3,1,'',NULL,NULL,NULL,NULL,1,'','','',''),(583,'Loni Shahar','110',3,1,'',NULL,NULL,NULL,NULL,1,'','','',''),(584,'Modinagar','110',3,1,'',NULL,NULL,NULL,NULL,1,'','','',''),(585,'Sahibabad','110',3,1,'',NULL,NULL,NULL,NULL,1,'','','',''),(586,'Ghaziabad','110',3,1,'',NULL,NULL,NULL,NULL,1,'','','',''),(587,'New Ghaziabad','110',3,1,'',NULL,NULL,NULL,NULL,1,'','','',''),(588,'Patla','110',3,1,'',NULL,NULL,NULL,NULL,1,'','','',''),(589,'Rajapur','110',3,1,'',NULL,NULL,NULL,NULL,1,'','','',''),(590,'Murad Nagar','110',3,1,'',NULL,NULL,NULL,NULL,1,'','','',''),(591,'Inderapuri','110',3,1,'',NULL,NULL,NULL,NULL,1,'','','',''),(592,'Loni Dehat','110',3,1,'',NULL,NULL,NULL,NULL,1,'','','',''),(593,'Khora','110',3,1,'',NULL,NULL,NULL,NULL,1,'','','',''),(594,'Gorakhpur','111',3,1,'',NULL,NULL,NULL,NULL,1,'','','',''),(595,'Dadri','112',3,1,'',NULL,NULL,NULL,NULL,1,'','','',''),(596,'Noida Phase-1','112',3,1,'201303',NULL,NULL,NULL,NULL,1,'','','',''),(597,'Noida Phase-2','112',3,1,'201301',NULL,NULL,NULL,NULL,1,'','','',''),(598,'Dankour','112',3,1,'',NULL,NULL,NULL,NULL,1,'','','',''),(599,'Surajpur','112',3,1,'',NULL,NULL,NULL,NULL,1,'','','',''),(600,'Dhummanikpur','112',3,1,'',NULL,NULL,NULL,NULL,1,'','','',''),(601,'Jewar','112',3,1,'',NULL,NULL,NULL,NULL,1,'','','',''),(602,'Hapur','113',3,1,'',NULL,NULL,NULL,NULL,1,'','','',''),(603,'Pilkhua','113',3,1,'',NULL,NULL,NULL,NULL,1,'','','',''),(604,'Dhoulana','113',3,1,'',NULL,NULL,NULL,NULL,1,'','','',''),(605,'Garhmukhteshver','113',3,1,'',NULL,NULL,NULL,NULL,1,'','','',''),(606,'Simbhaoli','113',3,1,'234563',NULL,NULL,NULL,NULL,1,'','','',''),(607,'Shyampur Jat','113',3,1,'',NULL,NULL,NULL,NULL,1,'','','',''),(609,'Peernagar Sudna','113',3,1,'',NULL,NULL,NULL,NULL,1,'','','',''),(610,'Nawada','113',3,1,'',NULL,NULL,NULL,NULL,1,'','','',''),(611,'Hardoi','114',3,1,'',NULL,NULL,NULL,NULL,1,'','','',''),(612,'Sikandrarao','115',3,1,'',NULL,NULL,NULL,NULL,1,'','','',''),(613,'Sadabad','115',3,1,'',NULL,NULL,NULL,NULL,1,'','','',''),(614,'Hathras','115',3,1,'',NULL,NULL,NULL,NULL,1,'','','',''),(615,'Kanouj','116',3,1,'',NULL,NULL,NULL,NULL,1,'','','',''),(616,'Kasganj','340',3,1,'123199',NULL,NULL,NULL,NULL,1,'','','',''),(617,'Sidpura','116',3,1,'',NULL,NULL,NULL,NULL,1,'','','',''),(618,'Ammapur','116',3,1,'',NULL,NULL,NULL,NULL,1,'','','',''),(619,'Kushi Nagar','117',3,1,'',NULL,NULL,NULL,NULL,1,'','','',''),(621,'Lakhnow','119',3,1,'',NULL,NULL,NULL,NULL,1,'','','',''),(622,'Sarojani Nagar','119',3,1,'',NULL,NULL,NULL,NULL,1,'','','',''),(623,'Karhal','120',3,1,'',NULL,NULL,NULL,NULL,1,'','','',''),(624,'Mainpuri','120',3,1,'',NULL,NULL,NULL,NULL,1,'','','',''),(625,'Bhongaon','120',3,1,'205262',NULL,NULL,NULL,NULL,1,'','','',''),(626,'Kishni','120',3,1,'',NULL,NULL,NULL,NULL,1,'','','',''),(627,'Kurawali','120',3,1,'',NULL,NULL,NULL,NULL,1,'','','',''),(629,'Mant ','121',3,1,'',NULL,NULL,NULL,NULL,1,'','','',''),(630,'Baldev','121',3,1,'',NULL,NULL,NULL,NULL,1,'','','',''),(631,'Chhata','121',3,1,'',NULL,NULL,NULL,NULL,1,'','','',''),(633,'Gazipur','122',3,1,'',NULL,NULL,NULL,NULL,1,'','','',''),(634,'Mau','122',3,1,'',NULL,NULL,NULL,NULL,1,'','','',''),(635,'Siwal Khas','123',3,1,'',NULL,NULL,NULL,NULL,1,'','','',''),(636,'Sardhana','123',3,1,'',NULL,NULL,NULL,NULL,1,'','','',''),(637,'Dourala','123',3,1,'',NULL,NULL,NULL,NULL,1,'','','',''),(638,'Hastinapur','123',3,1,'',NULL,NULL,NULL,NULL,1,'','','',''),(639,'Meerut Dakshin','123',3,1,'',NULL,NULL,NULL,NULL,1,'','','',''),(640,'Meerut City','123',3,1,'',NULL,NULL,NULL,NULL,1,'','','',''),(641,'Ganga Nagar','123',3,1,'',NULL,NULL,NULL,NULL,1,'','','',''),(642,'Kithor','123',3,1,'',NULL,NULL,NULL,NULL,1,'','','',''),(643,'Mawana','123',3,1,'',NULL,NULL,NULL,NULL,1,'','','',''),(644,'Kila Parikshit  Garh','123',3,1,'',NULL,NULL,NULL,NULL,1,'','','',''),(645,'Fajalpur','123',3,1,'',NULL,NULL,NULL,NULL,1,'','','',''),(646,'Falavada','123',3,1,'',NULL,NULL,NULL,NULL,1,'','','',''),(647,'Sakouti','123',3,1,'',NULL,NULL,NULL,NULL,1,'','','',''),(648,'Rohta','123',3,1,'',NULL,NULL,NULL,NULL,1,'','','',''),(649,'Sarurpur','123',3,1,'',NULL,NULL,NULL,NULL,1,'','','',''),(650,'Jainpur','123',3,1,'123456',NULL,NULL,NULL,NULL,1,'','','',''),(651,'Bilari','124',3,1,'',NULL,NULL,NULL,NULL,1,'','','',''),(652,'Muradabad City','124',3,1,'',NULL,NULL,NULL,NULL,1,'','','',''),(653,'Muradabad Dehat','124',3,1,'',NULL,NULL,NULL,NULL,1,'','','',''),(654,'Kanth','124',3,1,'',NULL,NULL,NULL,NULL,1,'','','',''),(655,'Thakurduwara','124',3,1,'',NULL,NULL,NULL,NULL,1,'','','',''),(656,'Kundarki','124',3,1,'',NULL,NULL,NULL,NULL,1,'','','',''),(658,'Shahpur','125',3,1,'',NULL,NULL,NULL,NULL,1,'','','',''),(659,'Charthawal','125',3,1,'',NULL,NULL,NULL,NULL,1,'','','',''),(660,'Purkaji','125',3,1,'',NULL,NULL,NULL,NULL,1,'','','',''),(661,'Muzafar Nagar East','125',3,1,'',NULL,NULL,NULL,NULL,1,'','','',''),(662,'Muzafar Nagar West','125',3,1,'',NULL,NULL,NULL,NULL,1,'','','',''),(663,'Khatouli','125',3,1,'',NULL,NULL,NULL,NULL,1,'','','',''),(664,'Mirapur','125',3,1,'',NULL,NULL,NULL,NULL,1,'','','',''),(665,'Rampur Tiraha','125',3,1,'',NULL,NULL,NULL,NULL,1,'','','',''),(666,'Bhopa','125',3,1,'',NULL,NULL,NULL,NULL,1,'','','',''),(668,'Mansurpur','125',3,1,'',NULL,NULL,NULL,NULL,1,'','','',''),(669,'Jansath','125',3,1,'',NULL,NULL,NULL,NULL,1,'','','',''),(670,'Mohammadpur Rai Singh','125',3,1,'',NULL,NULL,NULL,NULL,1,'','','',''),(671,'Dhoulra','125',3,1,'',NULL,NULL,NULL,NULL,1,'','','',''),(672,'Baghara','125',3,1,'',NULL,NULL,NULL,NULL,1,'','','',''),(673,'Ouraya','126',3,1,'',NULL,NULL,NULL,NULL,1,'','','',''),(675,'Puranpur','128',3,1,'',NULL,NULL,NULL,NULL,1,'','','',''),(676,'Bilaspur','129',3,1,'',NULL,NULL,NULL,NULL,1,'','','',''),(677,'Maswasi','129',3,1,'',NULL,NULL,NULL,NULL,1,'','','',''),(678,'Rampur','129',3,1,'',NULL,NULL,NULL,NULL,1,'','','',''),(679,'Deoband','130',3,1,'247554',NULL,NULL,NULL,NULL,1,'','','',''),(680,'Rampura Maniharan','130',3,1,'',NULL,NULL,NULL,NULL,1,'','','',''),(681,'Nanouta','130',3,1,'',NULL,NULL,NULL,NULL,1,'','','',''),(682,'Gangoh','130',3,1,'',NULL,NULL,NULL,NULL,1,'','','',''),(683,'Nakur','130',3,1,'',NULL,NULL,NULL,NULL,1,'','','',''),(684,'Saharanpur Dehat','130',3,1,'',NULL,NULL,NULL,NULL,1,'','','',''),(685,'Saharanpur City','130',3,1,'',NULL,NULL,NULL,NULL,1,'','','',''),(686,'Behat','130',3,1,'',NULL,NULL,NULL,NULL,1,'','','',''),(687,'Maheshpur','130',3,1,'',NULL,NULL,NULL,NULL,1,'','','',''),(688,'Nagal','130',3,1,'247551',NULL,NULL,NULL,NULL,1,'','','',''),(689,'Puwaraka','130',3,1,'',NULL,NULL,NULL,NULL,1,'','','',''),(690,'Barouli','130',3,1,'',NULL,NULL,NULL,NULL,1,'','','',''),(691,'Ambahetapeer','130',3,1,'',NULL,NULL,NULL,NULL,1,'','','',''),(692,'Chilkana','130',3,1,'',NULL,NULL,NULL,NULL,1,'','','',''),(693,'Sarsava','130',3,1,'',NULL,NULL,NULL,NULL,1,'','','',''),(694,'Sheemli','131',3,1,'',NULL,NULL,NULL,NULL,1,'','','',''),(695,'Bhatpura','131',3,1,'',NULL,NULL,NULL,NULL,1,'','','',''),(696,'Sambhal','131',3,1,'',NULL,NULL,NULL,NULL,1,'','','',''),(697,'Babrala','131',3,1,'',NULL,NULL,NULL,NULL,1,'','','',''),(698,'Chandosi','131',3,1,'',NULL,NULL,NULL,NULL,1,'','','',''),(699,'Junabai','131',3,1,'',NULL,NULL,NULL,NULL,1,'','','',''),(700,'Banda','132',3,1,'',NULL,NULL,NULL,NULL,1,'','','',''),(701,'Meeranpur Katra','132',3,1,'',NULL,NULL,NULL,NULL,1,'','','',''),(702,'Un','133',3,1,'',NULL,NULL,NULL,NULL,1,'','','',''),(703,'Shamli','133',3,1,'',NULL,NULL,NULL,NULL,1,'','','',''),(704,'Kandhla','133',3,1,'',NULL,NULL,NULL,NULL,1,'','','',''),(705,'Thana Bhawan','133',3,1,'',NULL,NULL,NULL,NULL,1,'','','',''),(706,'Garhi Pukhta','133',3,1,'',NULL,NULL,NULL,NULL,1,'','','',''),(707,'Babari','133',3,1,'',NULL,NULL,NULL,NULL,1,'','','',''),(708,'Kertu','133',3,1,'',NULL,NULL,NULL,NULL,1,'','','',''),(709,'Kairana','133',3,1,'',NULL,NULL,NULL,NULL,1,'','','',''),(710,'Sultanpur','134',3,1,'',NULL,NULL,NULL,NULL,1,'','','',''),(712,'Pharenda - Nautanwa','136',3,1,'',NULL,NULL,NULL,NULL,1,'','','',''),(713,'Barabanki ','137',3,1,'',NULL,NULL,NULL,NULL,1,'','','',''),(714,'Son Varsha','138',11,1,'',NULL,NULL,NULL,NULL,1,'','','',''),(715,'B Kothi Purnia','139',11,1,'',NULL,NULL,NULL,NULL,1,'','','',''),(716,'Bhagalpur','140',11,1,'',NULL,NULL,NULL,NULL,1,'','','',''),(717,'Samstipur','141',11,1,'',NULL,NULL,NULL,NULL,1,'','','',''),(718,'Madhepura','142',11,1,'',NULL,NULL,NULL,NULL,1,'','','',''),(719,'Katiayar','143',11,1,'',NULL,NULL,NULL,NULL,1,'','','',''),(720,'Jehanabad','144',11,1,'',NULL,NULL,NULL,NULL,1,'','','',''),(721,'Sasaram','145',11,1,'',NULL,NULL,NULL,NULL,1,'','','',''),(722,'Narkhatiaganj','146',11,1,'',NULL,NULL,NULL,NULL,1,'','','',''),(723,'Ghorha Sahan','147',11,1,'123456',NULL,NULL,NULL,NULL,1,'','','',''),(724,'Saharsa','148',11,1,'',NULL,NULL,NULL,NULL,1,'','','',''),(725,'Navada Narhat','149',11,1,'',NULL,NULL,NULL,NULL,1,'','','',''),(726,'Kaimur','150',11,1,'',NULL,NULL,NULL,NULL,1,'','','',''),(727,'Begusarai','151',11,1,'851101',NULL,NULL,NULL,NULL,1,'','','',''),(728,'Muzzafarpur','152',11,1,'',NULL,NULL,NULL,NULL,1,'','','',''),(729,'Melbourne','153',62,2,'',NULL,NULL,NULL,NULL,1,'','','',''),(730,'Brisbane','154',63,2,'',NULL,NULL,NULL,NULL,1,'','','',''),(731,'Sydney','155',64,2,'',NULL,NULL,NULL,NULL,1,'','','',''),(733,'New Zealand','157',66,4,'',NULL,NULL,NULL,NULL,1,'','','',''),(734,'Canada','158',81,3,'00000',NULL,NULL,NULL,NULL,1,'','','',''),(735,'Doha Qatar','159',68,6,'',NULL,NULL,NULL,NULL,1,'','','',''),(736,'UK','160',69,8,'',NULL,NULL,NULL,NULL,1,'','','',''),(737,'Kuwait','161',70,9,'',NULL,NULL,NULL,NULL,1,'','','',''),(738,'Rome ( Italy )','162',71,10,'',NULL,NULL,NULL,NULL,1,'','','',''),(739,'Cyprus','163',72,11,'',NULL,NULL,NULL,NULL,1,'','','',''),(740,'Ahmedabad','178',16,1,'',NULL,NULL,NULL,NULL,1,'','','',''),(743,'Indaura','214',5,1,'123456',NULL,NULL,NULL,NULL,1,'','','',''),(747,'Sujanpur','182',5,1,'',NULL,NULL,NULL,NULL,1,'','','',''),(748,'Mithana','123',3,1,'',NULL,NULL,NULL,NULL,1,'','','',''),(749,'kharkhoda','123',3,1,'',NULL,NULL,NULL,NULL,1,'','','',''),(750,'Kila','123',3,1,'',NULL,NULL,NULL,NULL,1,'','','',''),(751,'Nagpur','183',9,1,'',NULL,NULL,NULL,NULL,1,'','','',''),(753,'athpadi','183',9,1,'',NULL,NULL,NULL,NULL,1,'','','',''),(754,'Phaltan \\\\\\','203',9,1,'123456',NULL,NULL,NULL,NULL,1,'','','',''),(755,'Mumbai','184',9,1,'',NULL,NULL,NULL,NULL,1,'','','',''),(756,'bazpur','166',10,1,'262401',NULL,NULL,NULL,NULL,1,'','','',''),(758,'gajsinghpur','43',4,1,'',NULL,NULL,NULL,NULL,1,'','','',''),(759,'sundar nagar','186',5,1,'',NULL,NULL,NULL,NULL,1,'','','',''),(760,'Haldwani','167',10,1,'123452',NULL,NULL,NULL,NULL,1,'','','',''),(761,'HAMIRPUR','182',5,1,'',NULL,NULL,NULL,NULL,1,'','','',''),(763,'Mustafabad','187',8,1,'131212',NULL,NULL,NULL,NULL,1,'','','',''),(764,'London','188',73,12,'',NULL,NULL,NULL,NULL,1,'','','',''),(765,'Matiyala','73',8,1,'',NULL,NULL,NULL,NULL,1,'','','',''),(766,'China','189',74,13,'',NULL,NULL,NULL,NULL,1,'','','',''),(767,'RENUKA','190',5,1,'',NULL,NULL,NULL,NULL,1,'','','',''),(768,'Nangal Choudhary','6',1,1,'',NULL,NULL,NULL,NULL,1,'','','',''),(770,'Majholi','193',6,1,'',NULL,NULL,NULL,NULL,1,'','','',''),(771,'Karnatka','194',36,1,'',NULL,NULL,NULL,NULL,1,'','','',''),(772,'Bilaspur','195',5,1,'',NULL,NULL,NULL,NULL,1,'','','',''),(774,'Obaidullaganj','87',6,1,'',NULL,NULL,NULL,NULL,1,'','','',''),(776,'Harda sheopur','196',6,1,'',NULL,NULL,NULL,NULL,1,'','','',''),(777,'Kelaras','197',6,1,'',NULL,NULL,NULL,NULL,1,'','','',''),(778,'Shahganj','90',6,1,'',NULL,NULL,NULL,NULL,1,'','','',''),(780,'Indore','198',6,1,'',NULL,NULL,NULL,NULL,1,'','','',''),(781,'Karoti','199',23,1,'',NULL,NULL,NULL,NULL,1,'','','',''),(782,'Shrinagar','199',23,1,'',NULL,NULL,NULL,NULL,1,'','','',''),(783,'Bisrampur','66',23,1,'',NULL,NULL,NULL,NULL,1,'','','',''),(784,'Sirsagang','200',3,1,'',NULL,NULL,NULL,NULL,1,'','','',''),(785,'Dehradun','165',10,1,'',NULL,NULL,NULL,NULL,1,'','','',''),(787,'Paonta sahib','190',5,1,'',NULL,NULL,NULL,NULL,1,'','','',''),(788,'Wazidpur','26',2,1,'',NULL,NULL,NULL,NULL,1,'','','',''),(790,'Harigarh Kingan','19',1,1,'',NULL,NULL,NULL,NULL,1,'','','',''),(792,'Keshavpura','52',4,1,'',NULL,NULL,NULL,NULL,1,'','','',''),(793,'Chhatarpur','74',8,1,'456456',NULL,NULL,NULL,NULL,1,'','','',''),(794,'Dhaula Kuan','190',5,1,'',NULL,NULL,NULL,NULL,1,'','','',''),(799,'Nepal','202',75,14,'',NULL,NULL,NULL,NULL,1,'','','',''),(800,'Kala Amb','190',5,1,'',NULL,NULL,NULL,NULL,1,'','','',''),(802,'Nangal Kalan','22',2,1,'',NULL,NULL,NULL,NULL,1,'','','',''),(803,'Sahaspur','165',10,1,'',NULL,NULL,NULL,NULL,1,'','','',''),(804,'USA','204',76,15,'',NULL,NULL,NULL,NULL,1,'','','',''),(805,'Bhawanigarh','25',2,1,'',NULL,NULL,NULL,NULL,1,'','','',''),(806,'Mehma Goniana','21',2,1,'',NULL,NULL,NULL,NULL,1,'','','',''),(810,'Lochman','26',2,1,'',NULL,NULL,NULL,NULL,1,'','','',''),(811,'Dhablan','26',2,1,'',NULL,NULL,NULL,NULL,1,'','','',''),(812,'Bathinda','21',2,1,'',NULL,NULL,NULL,NULL,1,'','','',''),(816,'Chibbranwali','32',2,1,'242978',NULL,NULL,NULL,NULL,1,'','','',''),(817,'Ghanaur','26',2,1,'',NULL,NULL,NULL,NULL,1,'','','',''),(819,'Kachwi','26',2,1,'',NULL,NULL,NULL,NULL,1,'','','',''),(820,'Mehlan Chowk','25',2,1,'',NULL,NULL,NULL,NULL,1,'','','',''),(821,'Lalouchhi','26',2,1,'768768',NULL,NULL,NULL,NULL,1,'','','',''),(822,'Madanpur Chalheri','26',2,1,'',NULL,NULL,NULL,NULL,1,'','','',''),(823,'Badshah Pur','26',2,1,'234233',NULL,NULL,NULL,NULL,1,'','','',''),(824,'Manuke','27',2,1,'',NULL,NULL,NULL,NULL,1,'','','',''),(825,'Hardaspur','26',2,1,'',NULL,NULL,NULL,NULL,1,'','','',''),(828,'Ram Nagar','26',2,1,'',NULL,NULL,NULL,NULL,1,'','','',''),(831,'Mandaur','26',2,1,'',NULL,NULL,NULL,NULL,1,'','','',''),(832,'Lalru','24',2,1,'111111',NULL,NULL,NULL,NULL,0,'','','',''),(835,'Azam wala','30',2,1,'',NULL,NULL,NULL,NULL,1,'','','',''),(838,'Ladda','25',2,1,'',NULL,NULL,NULL,NULL,1,'','','',''),(839,'Gowara','25',2,1,'',NULL,NULL,NULL,NULL,1,'','','',''),(840,'Guru Har Sahai','29',2,1,'234233',NULL,NULL,NULL,NULL,1,'','','',''),(841,'Khuiya Sarwar','30',2,1,'',NULL,NULL,NULL,NULL,1,'','','',''),(842,'Sandaur','25',2,1,'',NULL,NULL,NULL,NULL,1,'','','',''),(843,'Sadiq','31',2,1,'',NULL,NULL,NULL,NULL,1,'','','',''),(845,'Tuer','24',2,1,'',NULL,NULL,NULL,NULL,1,'','','',''),(846,'Pehowa','12',1,1,'',NULL,NULL,NULL,NULL,1,'','','',''),(854,'Umri','12',1,1,'',NULL,NULL,NULL,NULL,1,'','','',''),(868,'Indri','16',1,1,'',NULL,NULL,NULL,NULL,1,'','','',''),(870,'Sounta','1',1,1,'',NULL,NULL,NULL,NULL,1,'','','',''),(872,'Khizrabad','20',1,1,'',NULL,NULL,NULL,NULL,1,'','','',''),(877,'Sadhaura','20',1,1,'',NULL,NULL,NULL,NULL,0,'','','',''),(878,'Bapoli','13',1,1,'132103',NULL,NULL,NULL,NULL,1,'','','',''),(879,'Buwan','11',1,1,'',NULL,NULL,NULL,NULL,1,'','','',''),(880,'Saraswati Nagar','20',1,1,'',NULL,NULL,NULL,NULL,1,'','','',''),(882,'Gharaunda','16',1,1,'',NULL,NULL,NULL,NULL,0,'','','',''),(887,'Kosli','8',1,1,'',NULL,NULL,NULL,NULL,1,'','','',''),(890,'Nethrana','44',4,1,'',NULL,NULL,NULL,NULL,0,'','','',''),(897,'Kotputli','49',4,1,'',NULL,NULL,NULL,NULL,1,'','','',''),(898,'Tibbi','44',4,1,'',NULL,NULL,NULL,NULL,0,'','','',''),(899,'Silwala Khurd','44',4,1,'',NULL,NULL,NULL,NULL,0,'','','',''),(909,'Bhagwanpura','44',4,1,'',NULL,NULL,NULL,NULL,0,'','','',''),(940,'Dharamshala ','214',5,1,'',NULL,NULL,NULL,NULL,1,'','','',''),(941,'Pathankot','215',5,1,'',NULL,NULL,NULL,NULL,0,'','','',''),(942,'Palam Pur ','214',5,1,'',NULL,NULL,NULL,NULL,1,'','','',''),(944,'Nagrota Bagwan','214',5,1,'',NULL,NULL,NULL,NULL,1,'','','',''),(946,'Garli','214',5,1,'',NULL,NULL,NULL,NULL,1,'','','',''),(947,'Haripur','214',5,1,'',NULL,NULL,NULL,NULL,1,'','','',''),(948,'Nadaun','182',5,1,'',NULL,NULL,NULL,NULL,1,'','','',''),(951,'Nala garh','180',5,1,'',NULL,NULL,NULL,NULL,1,'','','',''),(952,'Una','217',5,1,'',NULL,NULL,NULL,NULL,1,'','','',''),(954,'Shimla','218',5,1,'',NULL,NULL,NULL,NULL,1,'','','',''),(955,'Dehra','214',5,1,'',NULL,NULL,NULL,NULL,1,'','','',''),(961,'Kol','97',3,1,'',NULL,NULL,NULL,NULL,1,'','','',''),(962,'Anoop Shahar','105',3,1,'123123',NULL,NULL,NULL,NULL,1,'','','',''),(963,'Sikandrabad','105',3,1,'123123',NULL,NULL,NULL,NULL,1,'','','',''),(965,'Gulaothi','105',3,1,'121231',NULL,NULL,NULL,NULL,1,'','','',''),(968,'Vikasnagar','165',10,1,'',NULL,NULL,NULL,NULL,1,'','','',''),(971,'Betul','223',6,1,'',NULL,NULL,NULL,NULL,1,'','','',''),(973,'Sindhicamp','87',6,1,'',NULL,NULL,NULL,NULL,1,'','','',''),(975,'Kelaras','224',6,1,'',NULL,NULL,NULL,NULL,0,'','','',''),(977,'Baikunthpur','226',23,1,'',NULL,NULL,NULL,NULL,0,'','','',''),(978,'Shrinagar','66',23,1,'',NULL,NULL,NULL,NULL,0,'','','',''),(979,'Binakra','67',23,1,'',NULL,NULL,NULL,NULL,1,'','','',''),(980,'Bijori','227',23,1,'',NULL,NULL,NULL,NULL,1,'','','',''),(984,'Khanauri','25',2,1,'',NULL,NULL,NULL,NULL,1,'','','',''),(985,'Rampura Phul','21',2,1,'',NULL,NULL,NULL,NULL,1,'','','',''),(987,'Jhok Hari Har','29',2,1,'',NULL,NULL,NULL,NULL,1,'','','',''),(990,'Dighal','17',1,1,'',NULL,NULL,NULL,NULL,1,'','','',''),(992,'Goriya','17',1,1,'',NULL,NULL,NULL,NULL,1,'','','',''),(997,'Bhadra','44',4,1,'',NULL,NULL,NULL,NULL,0,'','','',''),(1004,'Najafgarh','73',8,1,'123321',NULL,NULL,NULL,NULL,1,'','','',''),(1006,'SultanPur Majra','341',8,1,'564565',NULL,NULL,NULL,NULL,1,'','','',''),(1012,'Kangra','214',5,1,'',NULL,NULL,NULL,NULL,1,'','','',''),(1030,'Baran','243',1,1,'',NULL,NULL,NULL,NULL,0,'','','',''),(1066,'Hisar','10',1,1,'',NULL,NULL,NULL,NULL,0,'','','',''),(1067,'Mandawar','209',4,1,'',NULL,NULL,NULL,NULL,0,'','','',''),(1069,'Kathiyan','182',5,1,'',NULL,NULL,NULL,NULL,1,'','','',''),(1072,'Hambran','27',2,1,'',NULL,NULL,NULL,NULL,1,'','','',''),(1074,'UK','251',77,8,'',NULL,NULL,NULL,NULL,1,'','','',''),(1075,'Lebanon','252',78,17,'',NULL,NULL,NULL,NULL,1,'','','',''),(1076,'Canberra','253',79,2,'',NULL,NULL,NULL,NULL,1,'','','',''),(1077,'Badhra','2',1,1,'123308',NULL,NULL,NULL,NULL,1,'','','',''),(1078,'Kathiyala','180',5,1,'',NULL,NULL,NULL,NULL,1,'','','',''),(1081,'Morna','125',3,1,'',NULL,NULL,NULL,NULL,1,'','','',''),(1082,'badli','11',1,1,'',NULL,NULL,NULL,NULL,0,'','','',''),(1088,'NurMahal','38',2,1,'',NULL,NULL,NULL,NULL,1,'','','',''),(1093,'Banaras','255',3,1,'',NULL,NULL,NULL,NULL,1,'','','',''),(1096,'majheen','214',5,1,'',NULL,NULL,NULL,NULL,1,'','','',''),(1097,'Sindhi camp','87',6,1,'',NULL,NULL,NULL,NULL,1,'','','',''),(1099,'Mandidip','87',6,1,'',NULL,NULL,NULL,NULL,1,'','','',''),(1100,'Kelhari','226',23,1,'',NULL,NULL,NULL,NULL,0,'','','',''),(1102,'Mullanpur','27',2,1,'',NULL,NULL,NULL,NULL,1,'','','',''),(1103,'Nawan Shahar','40',2,1,'',NULL,NULL,NULL,NULL,1,'','','',''),(1213,'Chopata','15',1,1,'',NULL,NULL,NULL,NULL,1,'','','',''),(1284,'Shikohabad','200',3,1,'',NULL,NULL,NULL,NULL,1,'','','',''),(1322,'Pathankot','312',4,1,'',NULL,NULL,NULL,NULL,0,'','','',''),(1334,'Sundar Nagar','317',4,1,'',NULL,NULL,NULL,NULL,0,'','','',''),(1348,'Batala','321',2,1,'',NULL,NULL,NULL,NULL,1,'','','',''),(1354,'Mandi deep','322',6,1,'',NULL,NULL,NULL,NULL,1,'','','',''),(1355,'Dera Bassi    ','24',2,1,'234661',NULL,NULL,NULL,NULL,1,'','','',''),(1365,'Nangloi','73',8,1,'123122',NULL,NULL,NULL,NULL,1,'','','',''),(1369,'Palam','326',3,1,'',NULL,NULL,NULL,NULL,1,'','','',''),(1377,'Subhash Nagar','73',8,1,'123212',NULL,NULL,NULL,NULL,1,'','','',''),(1380,'Uttam Nagar','325',3,1,'',NULL,NULL,NULL,NULL,0,'','','',''),(1390,'Matiyala','325',3,1,'',NULL,NULL,NULL,NULL,0,'','','',''),(1393,'Jaspur','166',10,1,'123456',NULL,NULL,NULL,NULL,1,'','','',''),(1394,'Khajni','111',3,1,'',NULL,NULL,NULL,NULL,1,'','','',''),(1396,'Jawalamukhi','214',5,1,'',NULL,NULL,NULL,NULL,1,'','','',''),(1397,'Govindgarh','49',4,1,'303712',NULL,NULL,NULL,NULL,1,'','','',''),(1398,'Khagriya','330',11,1,'851205',NULL,NULL,NULL,NULL,1,'','','',''),(1399,'supaol','329',11,1,'852131',NULL,NULL,NULL,NULL,1,'','','',''),(1401,'Nagri','214',5,1,'176059',NULL,NULL,NULL,NULL,1,'','','',''),(1402,'Jaisinghpur','214',5,1,'176095',NULL,NULL,NULL,NULL,1,'','','',''),(1404,'Canada-BC','332',80,3,'000001',NULL,NULL,NULL,NULL,1,'','','',''),(1405,'Nandgram','110',3,1,'000000',NULL,NULL,NULL,NULL,1,'','','',''),(1406,'Budhana','125',3,1,'251309',NULL,NULL,NULL,NULL,1,'','','',''),(1407,'Bahrain','333',82,18,'0000000',NULL,NULL,NULL,NULL,1,'','','',''),(1408,'Dhaliara','214',5,1,'0000',NULL,NULL,NULL,NULL,1,'','','',''),(1409,'Nehran pukhar','214',5,1,'000000',NULL,NULL,NULL,NULL,1,'','','',''),(1410,'Dadasiba','214',5,1,'000000',NULL,NULL,NULL,NULL,1,'','','',''),(1411,'Nagrota suriyan','214',5,1,'000000',NULL,NULL,NULL,NULL,1,'','','',''),(1412,'Kanjhawla','73',8,1,'000000',NULL,NULL,NULL,NULL,1,'','','',''),(1415,'Singapore','334',61,7,'222222',NULL,NULL,NULL,NULL,1,'','','',''),(1416,'Rajwada(Son Varsha)','138',11,1,'843330',NULL,NULL,NULL,NULL,1,'','','',''),(1417,'Ghorha Sahan','147',11,1,'845303',NULL,NULL,NULL,NULL,0,'','','',''),(1418,'Malaysia','335',83,19,'111111',NULL,NULL,NULL,NULL,1,'','','',''),(1419,'Jwali','214',5,1,'123123',NULL,NULL,NULL,NULL,1,'','','',''),(1420,'Darbhanga','336',11,1,'846004',NULL,NULL,NULL,NULL,1,'','','',''),(1421,'Sadakpur Jonmana','101',3,1,'250611',NULL,NULL,NULL,NULL,1,'','','',''),(1422,'Adelaide','337',84,2,'123123',NULL,NULL,NULL,NULL,1,'','','',''),(1423,'Kashipur','166',10,1,'244713',NULL,NULL,NULL,NULL,1,'','','',''),(1425,'Roorkee','164',10,1,'247667 ',NULL,NULL,NULL,NULL,1,'','','',''),(1426,'Pragpur','214',5,1,'177107',NULL,NULL,NULL,NULL,1,'','','',''),(1427,'Gadarpur','166',10,1,'263152',NULL,NULL,NULL,NULL,1,'','','',''),(1428,'Rudarpur','166',10,1,'263153',NULL,NULL,NULL,NULL,1,'','','',''),(1429,'Sittarganj','166',10,1,'262405',NULL,NULL,NULL,NULL,1,'','','',''),(1430,'Jaspur','166',10,1,'244712',NULL,NULL,NULL,NULL,0,'','','',''),(1431,'Nainital','167',10,1,'263139',NULL,NULL,NULL,NULL,1,'','','',''),(1432,'Haridwar','221',10,1,'249401 ',NULL,NULL,NULL,NULL,0,'','','',''),(1433,'RamnagarNainital','167',10,1,'244715',NULL,NULL,NULL,NULL,1,'','','',''),(1434,'Narkanda','218',5,1,'123456',NULL,NULL,NULL,NULL,1,'','','',''),(1435,'Amb','217',5,1,'123123',NULL,NULL,NULL,NULL,1,'','','',''),(1436,'Solan','180',5,1,'123123',NULL,NULL,NULL,NULL,1,'','','',''),(1438,'Hyderabad','338',55,1,'500003',NULL,NULL,NULL,NULL,1,'','','',''),(1439,'Hyderabad','338',55,1,'500001',NULL,NULL,NULL,NULL,1,'','','',''),(1440,'Jhansi','339',3,1,'284001',NULL,NULL,NULL,NULL,1,'','','',''),(1441,'Khanpur ','164',10,1,'247663',NULL,NULL,NULL,NULL,1,'','','',''),(1442,'Bangran','190',5,1,'173025',NULL,NULL,NULL,NULL,1,'','','',''),(1443,'Nahan','190',5,1,'173001',NULL,NULL,NULL,NULL,1,'','','',''),(1444,'Firozabad Paschim	','200',3,1,'283203',NULL,NULL,NULL,NULL,1,'','','',''),(1445,'Firozabad Purvi	','200',3,1,'283203',NULL,NULL,NULL,NULL,1,'','','',''),(1446,'Saudi Arabia','342',85,20,'123890',NULL,NULL,NULL,NULL,1,'','','',''),(1447,'NIT Faridabad	','343',1,1,'121001',NULL,NULL,NULL,NULL,1,'','','',''),(1448,'Madanhedi','24',2,1,'678976',NULL,NULL,NULL,NULL,1,'','','',''),(1449,'Ajrour','26',2,1,'456546',NULL,NULL,NULL,NULL,1,'','','',''),(1450,'Nand Nagari','187',8,1,'234235',NULL,NULL,NULL,NULL,1,'','','',''),(1451,'Darjeeling ','344',22,1,'734101',NULL,NULL,NULL,NULL,1,'','','',''),(1452,'Philippine','360',88,21,'1107',NULL,NULL,NULL,NULL,1,'','','',''),(1453,'Chennai','346',28,1,'600001',NULL,NULL,NULL,NULL,1,'','','',''),(1455,'Puri','348',86,1,'752001',NULL,NULL,NULL,NULL,1,'','','',''),(1456,'Chhatarpur','349',6,1,'440035',NULL,NULL,NULL,NULL,1,'','','',''),(1457,'Haridwar','164',10,1,'249401 ',NULL,NULL,NULL,NULL,1,'','','',''),(1458,'Rahmatpur ','164',10,1,'247667 ',NULL,NULL,NULL,NULL,1,'','','',''),(1459,'Bahadarabad ','164',10,1,'249402 ',NULL,NULL,NULL,NULL,1,'','','',''),(1460,'Laksar','164',10,1,'247663 ',NULL,NULL,NULL,NULL,1,'','','',''),(1461,'Bhagwanpur','164',10,1,'247661',NULL,NULL,NULL,NULL,1,'','','',''),(1462,'Mohanpur','164',10,1,'247667',NULL,NULL,NULL,NULL,1,'','','',''),(1463,'Jhabrera','164',10,1,'247665',NULL,NULL,NULL,NULL,1,'','','',''),(1464,'Gurukul Narsan','164',10,1,'247670',NULL,NULL,NULL,NULL,1,'','','',''),(1465,'Kolkata','351',22,1,'700001',NULL,NULL,NULL,NULL,1,'','','',''),(1466,'Danapur ','352',11,1,'800012',NULL,NULL,NULL,NULL,1,'','','',''),(1467,'Kochi','353',13,1,'682001 ',NULL,NULL,NULL,NULL,1,'','','',''),(1468,'Visakhapatnam ','354',12,1,'530002',NULL,NULL,NULL,NULL,1,'','','',''),(1470,'Mangalore','356',36,1,'575001',NULL,NULL,NULL,NULL,1,'','','',''),(1471,'Kadwa','357',11,1,'854105',NULL,NULL,NULL,NULL,1,'','','',''),(1472,'Bengaluru','194',36,1,'562157',NULL,NULL,NULL,NULL,1,'','','',''),(1473,'Jammu','358',19,1,'180001',NULL,NULL,NULL,NULL,1,'','','',''),(1474,'Rishikesh','165',10,1,'249201 ',NULL,NULL,NULL,NULL,1,'','','',''),(1475,'Siliguri ','344',22,1,'734001 ',NULL,NULL,NULL,NULL,1,'','','',''),(1476,'Surat','359',16,1,'394101',NULL,NULL,NULL,NULL,1,'','','',''),(1477,'Bayana','16',1,1,'132054',NULL,NULL,NULL,NULL,1,'','','',''),(1478,'Rajendhra gram jarhi','227',23,1,'000000',NULL,NULL,NULL,NULL,1,'','','',''),(1479,'Sangli','361',9,1,'416416',NULL,NULL,NULL,NULL,1,'','','',''),(1480,'Atpadi','361',9,1,'415301',NULL,NULL,NULL,NULL,1,'','','',''),(1481,'Pathankot','362',5,1,'000000',NULL,NULL,NULL,NULL,1,'','','',''),(1482,'Budaun','363',3,1,'243601',NULL,NULL,NULL,NULL,1,'','','',''),(1483,'Bisauli ','363',3,1,'243720',NULL,NULL,NULL,NULL,1,'','','',''),(1484,'Bilsi','363',3,1,'243633',NULL,NULL,NULL,NULL,1,'','','',''),(1485,'Jang Bahadurganj','364',3,1,'261505',NULL,NULL,NULL,NULL,1,'','','',''),(1486,'Lakhimpur Kheri','364',3,1,'262701',NULL,NULL,NULL,NULL,1,'','','',''),(1487,'Dhanora ','365',9,1,'442606',NULL,NULL,NULL,NULL,1,'','','',''),(1488,'Gadchiroli ','365',9,1,'442605',NULL,NULL,NULL,NULL,1,'','','',''),(1489,'Kisan Nagar','366',9,1,'441225',NULL,NULL,NULL,NULL,1,'','','',''),(1490,'Bhabua ','150',11,1,'821101',NULL,NULL,NULL,NULL,1,'','','',''),(1491,'Baheri','367',3,1,'243201',NULL,NULL,NULL,NULL,1,'','','',''),(1492,'Bareilly ','367',3,1,'243002',NULL,NULL,NULL,NULL,1,'','','',''),(1493,'New Tehri','170',10,1,'249001',NULL,NULL,NULL,NULL,1,'','','',''),(1494,'Auraiya','369',3,1,'206122',NULL,NULL,NULL,NULL,1,'','','',''),(1495,'Gunga ','368',6,1,'462101',NULL,NULL,NULL,NULL,1,'','','',''),(1496,'Aamapur','340',3,1,'000000',NULL,NULL,NULL,NULL,1,'','','',''),(1497,'Kanpur','370',3,1,'208001',NULL,NULL,NULL,NULL,1,'','','',''),(1498,'Mahoba','371',3,1,'210427',NULL,NULL,NULL,NULL,1,'','','',''),(1499,'Shankargarh ','372',3,1,'212108',NULL,NULL,NULL,NULL,1,'','','',''),(1500,'Kaushambi','373',3,1,'212214',NULL,NULL,NULL,NULL,1,'','','',''),(1501,'Deoria ','374',3,1,'274001 ',NULL,NULL,NULL,NULL,1,'','','',''),(1502,'Gandhidham ','375',16,1,'370201 ',NULL,NULL,NULL,NULL,1,'','','',''),(1503,'Basti','376',3,1,'272001',NULL,NULL,NULL,NULL,1,'','','',''),(1504,'Khurahat ','122',3,1,'276403',NULL,NULL,NULL,NULL,1,'','','',''),(1505,'Pratapgarh','377',3,1,'0000000',NULL,NULL,NULL,NULL,1,'','','',''),(1506,'Kunda','377',3,1,'230204',NULL,NULL,NULL,NULL,1,'','','',''),(1507,'Jainpur','123',3,1,'250502 ',NULL,NULL,NULL,NULL,0,'','','',''),(1508,'Rajgarh','378',6,1,'465661',NULL,NULL,NULL,NULL,1,'','','',''),(1509,'Nasik','379',9,1,'422001 ',NULL,NULL,NULL,NULL,1,'','','',''),(1510,'Meyau','363',3,1,'000000',NULL,NULL,NULL,NULL,1,'','','',''),(1511,'Satara','203',9,1,'415001 ',NULL,NULL,NULL,NULL,1,'','','',''),(1512,'Pune','191',9,1,'411002',NULL,NULL,NULL,NULL,1,'','','',''),(1513,'Phaltan','203',9,1,'415523',NULL,NULL,NULL,NULL,0,'','','',''),(1514,'Sheopur','225',6,1,'000000',NULL,NULL,NULL,NULL,1,'','','',''),(1515,'Manpur','225',6,1,'476337',NULL,NULL,NULL,NULL,1,'','','',''),(1516,'Dhodar','225',6,1,'476337',NULL,NULL,NULL,NULL,1,'','','',''),(1517,'Nagda','381',6,1,'454001',NULL,NULL,NULL,NULL,1,'','','',''),(1518,'Maharajganj ','136',3,1,'273303',NULL,NULL,NULL,NULL,1,'','','',''),(1519,'Sitarganj','166',10,1,'262405',NULL,NULL,NULL,NULL,1,'','','',''),(1520,'Lodh','169',10,1,'263620 ',NULL,NULL,NULL,NULL,1,'','','',''),(1521,'Vrindavan ','121',3,1,'281121',NULL,NULL,NULL,NULL,1,'','','',''),(1523,'Mathura ','121',3,1,'281001 ',NULL,NULL,NULL,NULL,1,'','','',''),(1524,'Ratlam','382',6,1,'457001',NULL,NULL,NULL,NULL,1,'','','',''),(1525,'Unnao','383',3,1,'209801',NULL,NULL,NULL,NULL,1,'','','',''),(1527,'Hoshangabad','384',6,1,'461001',NULL,NULL,NULL,NULL,1,'','','',''),(1528,'Ujjain','386',6,1,'456006',NULL,NULL,NULL,NULL,1,'','','',''),(1529,'Bhopal','368',6,1,'462004',NULL,NULL,NULL,NULL,1,'','','',''),(1530,'Pink Roses (Budni)','90',6,1,'466445',NULL,NULL,NULL,NULL,1,'','','',''),(1531,'Ex Students- Little Roses','15',1,1,'125055',NULL,NULL,NULL,NULL,1,'','','',''),(1532,'Jorhat','387',27,1,'785001',NULL,NULL,NULL,NULL,1,'','','',''),(1533,'Gonda','389',3,1,'271001',NULL,NULL,NULL,NULL,1,'','','',''),(1534,'Ghanghata','390',3,1,'272162',NULL,NULL,NULL,NULL,1,'','','',''),(1535,'Pathardeva','374',3,1,'274404',NULL,NULL,NULL,NULL,1,'','','',''),(1536,'Nizamabad','96',3,1,'276206',NULL,NULL,NULL,NULL,1,'','','',''),(1537,'Chitrakoot','391',3,1,'210202',NULL,NULL,NULL,NULL,1,'','','',''),(1538,'Nanaura ','371',3,1,'284124',NULL,NULL,NULL,NULL,1,'','','',''),(1539,'Kanpur Dehat','370',3,1,'208001',NULL,NULL,NULL,NULL,1,'','','',''),(1540,'Almora','169',10,1,'263601',NULL,NULL,NULL,NULL,1,'','','',''),(1541,'Palamu','392',17,1,'829107',NULL,NULL,NULL,NULL,1,'','','',''),(1543,'Butter Lion','15',1,1,'',NULL,NULL,NULL,NULL,1,'','','',''),(1544,'Adba','396',11,1,'',NULL,NULL,NULL,NULL,1,'','','',''),(1545,'Ersaman','395',21,1,'',NULL,NULL,NULL,NULL,1,'','','',''),(1546,'Sawai Madhopur','394',4,1,'',NULL,NULL,NULL,NULL,1,'','','',''),(1549,'Kalyan Pur','393',11,1,'',NULL,NULL,NULL,NULL,1,'','','',''),(1550,'Mysore','194',36,1,'',NULL,NULL,NULL,NULL,1,'','','',''),(1551,'Coimbatore','346',28,1,'',NULL,NULL,NULL,NULL,1,'','','',''),(1552,'Rowriah','387',16,1,'',NULL,NULL,NULL,NULL,1,'','','',''),(1553,'Daskroi','178',16,1,'',NULL,NULL,NULL,NULL,1,'','','',''),(1554,'Nepal','202',75,14,'',NULL,NULL,NULL,NULL,1,'','','',''),(1555,'Bajda','397',1,1,'',NULL,'2022-05-14 16:30:51',NULL,'2022-05-14 16:30:51',1,'','','',''),(1556,'Adilabad','398',55,1,'',NULL,'2022-07-04 10:46:28',NULL,'2022-07-04 10:46:28',1,'','','',''),(1557,'Bhadradri Kothagudem','399',55,1,'',NULL,'2022-07-04 10:46:28',NULL,'2022-07-04 10:46:28',1,'','','',''),(1558,'Hanumakonda','400',55,1,'',NULL,'2022-07-04 10:46:28',NULL,'2022-07-04 10:46:28',1,'','','',''),(1559,'Hyderabad','338',55,1,'',NULL,NULL,NULL,NULL,1,'','','',''),(1560,'Jagtial','401',55,1,'',NULL,'2022-07-04 10:46:28',NULL,'2022-07-04 10:46:28',1,'','','',''),(1561,'Jangoan','402',55,1,'',NULL,'2022-07-04 10:46:28',NULL,'2022-07-04 10:46:28',1,'','','',''),(1562,'Jayashankar Bhoopalpally','403',55,1,'',NULL,'2022-07-04 10:46:28',NULL,'2022-07-04 10:46:28',1,'','','',''),(1563,'Jogulamba Gadwal','404',55,1,'',NULL,'2022-07-04 10:46:28',NULL,'2022-07-04 10:46:28',1,'','','',''),(1564,'Kamareddy','405',55,1,'',NULL,'2022-07-04 10:46:28',NULL,'2022-07-04 10:46:28',1,'','','',''),(1565,'Karimnagar','406',55,1,'',NULL,'2022-07-04 10:46:28',NULL,'2022-07-04 10:46:28',1,'','','',''),(1566,'Khammam','407',55,1,'',NULL,'2022-07-04 10:46:28',NULL,'2022-07-04 10:46:28',1,'','','',''),(1567,'Komaram Bheem Asifabad','408',55,1,'',NULL,'2022-07-04 10:49:40',NULL,'2022-07-04 10:49:40',1,'','','',''),(1568,'Mahabubabad','409',55,1,'',NULL,'2022-07-04 10:49:40',NULL,'2022-07-04 10:49:40',1,'','','',''),(1569,'Mahabubnagar','410',55,1,'',NULL,'2022-07-04 10:49:40',NULL,'2022-07-04 10:49:40',1,'','','',''),(1570,'Mancherial','411',55,1,'',NULL,'2022-07-04 10:49:40',NULL,'2022-07-04 10:49:40',1,'','','',''),(1571,'Medak','412',55,1,'',NULL,'2022-07-04 10:49:40',NULL,'2022-07-04 10:49:40',1,'','','',''),(1572,'Medchal-Malkajgiri','413',55,1,'',NULL,'2022-07-04 10:49:40',NULL,'2022-07-04 10:49:40',1,'','','',''),(1573,'Mulug','414',55,1,'',NULL,'2022-07-04 10:49:40',NULL,'2022-07-04 10:49:40',1,'','','',''),(1574,'Nagarkurnool','415',55,1,'',NULL,'2022-07-04 10:49:40',NULL,'2022-07-04 10:49:40',1,'','','',''),(1575,'Nalgonda','416',55,1,'',NULL,'2022-07-04 10:49:40',NULL,'2022-07-04 10:49:40',1,'','','',''),(1576,'Narayanpet','417',55,1,'',NULL,'2022-07-04 10:49:40',NULL,'2022-07-04 10:49:40',1,'','','',''),(1577,'Nirmal','418',55,1,'',NULL,'2022-07-04 10:49:40',NULL,'2022-07-04 10:49:40',1,'','','',''),(1578,'Nizamabad','419',55,1,'',NULL,'2022-07-04 10:49:40',NULL,'2022-07-04 10:49:40',1,'','','',''),(1579,'Peddapalli','420',55,1,'',NULL,'2022-07-04 10:49:40',NULL,'2022-07-04 10:49:40',1,'','','',''),(1580,'Rajanna Sircillia','421',55,1,'',NULL,'2022-07-04 10:49:40',NULL,'2022-07-04 10:49:40',1,'','','',''),(1581,'Rangareddy','422',55,1,'',NULL,'2022-07-04 10:49:40',NULL,'2022-07-04 10:49:40',1,'','','',''),(1582,'Sangareddy','423',55,1,'',NULL,'2022-07-04 10:49:40',NULL,'2022-07-04 10:49:40',1,'','','',''),(1583,'Siddipet','424',55,1,'',NULL,'2022-07-04 10:49:40',NULL,'2022-07-04 10:49:40',1,'','','',''),(1584,'Suryapet','425',55,1,'',NULL,'2022-07-04 10:57:55',NULL,'2022-07-04 10:57:55',1,'','','',''),(1585,'Vikarabad','426',55,1,'',NULL,'2022-07-04 10:57:55',NULL,'2022-07-04 10:57:55',1,'','','',''),(1586,'Wanaparthy','427',55,1,'',NULL,'2022-07-04 10:58:16',NULL,'2022-07-04 10:58:16',1,'','','',''),(1587,'Warangal','428',55,1,'',NULL,'2022-07-04 10:58:16',NULL,'2022-07-04 10:58:16',1,'','','',''),(1588,'Yadari Bhuvanagiri','429',55,1,'',NULL,'2022-07-04 10:59:23',NULL,'2022-07-04 10:59:23',1,'','','',''),(1589,'UAE','156',65,5,'',NULL,NULL,NULL,NULL,1,'','','',''),(1595,'Kutch','375',16,1,'',NULL,NULL,NULL,NULL,1,'','','',''),(1596,'Amreli','435',16,1,'',NULL,'2022-07-08 12:01:41',NULL,'2022-07-08 12:01:41',1,'','','',''),(1597,'Anand','436',16,1,'',NULL,'2022-07-08 12:01:41',NULL,'2022-07-08 12:01:41',1,'','','',''),(1598,'Aravalli','437',16,1,'',NULL,'2022-07-08 12:01:41',NULL,'2022-07-08 12:01:41',1,'','','',''),(1599,'Banaskantha','438',16,1,'',NULL,'2022-07-08 12:01:41',NULL,'2022-07-08 12:01:41',1,'','','',''),(1600,'Bharuch','439',16,1,'',NULL,'2022-07-08 12:01:41',NULL,'2022-07-08 12:01:41',1,'','','',''),(1601,'Bhavnagar','440',16,1,'',NULL,'2022-07-08 12:01:41',NULL,'2022-07-08 12:01:41',1,'','','',''),(1602,'Botad','441',16,1,'',NULL,'2022-07-08 12:01:41',NULL,'2022-07-08 12:01:41',1,'','','',''),(1603,'Chhota Udaipur','442',16,1,'',NULL,'2022-07-08 12:01:41',NULL,'2022-07-08 12:01:41',1,'','','',''),(1604,'Dahod','443',16,1,'',NULL,'2022-07-08 12:01:41',NULL,'2022-07-08 12:01:41',1,'','','',''),(1605,'Dang','444',16,1,'',NULL,'2022-07-08 12:01:41',NULL,'2022-07-08 12:01:41',1,'','','',''),(1606,'Devbhoomi Dwarka','445',16,1,'',NULL,'2022-07-08 12:06:56',NULL,'2022-07-08 12:06:56',1,'','','',''),(1607,'Gandhinagar','446',16,1,'',NULL,'2022-07-08 12:06:56',NULL,'2022-07-08 12:06:56',1,'','','',''),(1608,'Gir Somnath','447',16,1,'',NULL,'2022-07-08 12:06:56',NULL,'2022-07-08 12:06:56',1,'','','',''),(1609,'Jamnagar','448',16,1,'',NULL,'2022-07-08 12:06:56',NULL,'2022-07-08 12:06:56',1,'','','',''),(1610,'Junagadh','449',16,1,'',NULL,'2022-07-08 12:06:56',NULL,'2022-07-08 12:06:56',1,'','','',''),(1611,'Kheda','450',16,1,'',NULL,'2022-07-08 12:06:56',NULL,'2022-07-08 12:06:56',1,'','','',''),(1612,'Mahisagar','451',16,1,'',NULL,'2022-07-08 12:06:56',NULL,'2022-07-08 12:06:56',1,'','','',''),(1613,'Mehsana','452',16,1,'',NULL,'2022-07-08 12:06:56',NULL,'2022-07-08 12:06:56',1,'','','',''),(1614,'Morbi','453',16,1,'',NULL,'2022-07-08 12:06:56',NULL,'2022-07-08 12:06:56',1,'','','',''),(1615,'Narmada','454',16,1,'',NULL,'2022-07-08 12:06:56',NULL,'2022-07-08 12:06:56',1,'','','',''),(1616,'Navsari','455',16,1,'',NULL,'2022-07-08 12:10:00',NULL,'2022-07-08 12:10:00',1,'','','',''),(1617,'Panchmahal','456',16,1,'',NULL,'2022-07-08 12:10:00',NULL,'2022-07-08 12:10:00',1,'','','',''),(1618,'Patan','457',16,1,'',NULL,'2022-07-08 12:10:00',NULL,'2022-07-08 12:10:00',1,'','','',''),(1619,'Porbandar','458',16,1,'',NULL,'2022-07-08 12:10:00',NULL,'2022-07-08 12:10:00',1,'','','',''),(1620,'Rajkot','459',16,1,'',NULL,'2022-07-08 12:10:00',NULL,'2022-07-08 12:10:00',1,'','','',''),(1621,'Sabarkantha','460',16,1,'',NULL,'2022-07-08 12:10:00',NULL,'2022-07-08 12:10:00',1,'','','',''),(1622,'Surendranagar','461',16,1,'',NULL,'2022-07-08 12:10:00',NULL,'2022-07-08 12:10:00',1,'','','',''),(1623,'Tapi','462',16,1,'',NULL,'2022-07-08 12:10:00',NULL,'2022-07-08 12:10:00',1,'','','',''),(1624,'Vadodara','463',16,1,'',NULL,'2022-07-08 12:10:00',NULL,'2022-07-08 12:10:00',1,'','','',''),(1625,'Valsad','464',16,1,'',NULL,'2022-07-08 12:10:00',NULL,'2022-07-08 12:10:00',1,'','','',''),(1626,'Fatehgarh Sahib','28',2,1,'',NULL,'2022-07-10 13:45:55',NULL,'2022-07-10 13:45:55',1,'','','',''),(1627,'Bhind','470',0,0,'0000','1','2022-07-10 14:51:41','1','2022-07-10 14:51:41',1,'','','',''),(1628,'Prayagraj','372',0,0,'0000','1','2022-07-10 14:54:51','1','2022-07-10 14:54:51',1,'','','',''),(1629,'Mandi','186',0,0,'0000','1','2022-07-10 14:58:23','1','2022-07-10 14:58:23',1,'','','',''),(1630,'Birmingham','482',101,12,'',NULL,'2022-07-25 17:11:07',NULL,'2022-07-25 17:11:07',1,'','','',''),(1631,'Manchester','483',102,12,'',NULL,'2022-07-25 17:13:44',NULL,'2022-07-25 17:13:44',1,'','','',''),(1632,'Leeds','484',103,12,'',NULL,'2022-07-25 17:15:51',NULL,'2022-07-25 17:15:51',1,'','','',''),(1633,'Scotland','485',104,12,'',NULL,'2022-07-25 17:25:52',NULL,'2022-07-25 17:25:52',1,'','','',''),(1634,'Kalanwali','15',1,1,'',NULL,'2022-07-27 11:47:43',NULL,'2022-07-27 11:47:43',1,'','','',''),(1635,'Jaisalmer','486',4,1,'',NULL,'2022-08-11 07:53:47',NULL,'2022-08-11 07:53:47',1,'','','',''),(1636,'Jalour','487',4,1,'',NULL,'2022-08-11 07:55:29',NULL,'2022-08-11 07:55:29',1,'','','',''),(1637,'Patna','352',11,1,'',NULL,'2022-08-11 07:56:56',NULL,'2022-08-11 07:56:56',1,'','','',''),(1638,'Garhi','3',1,1,'',NULL,'2022-08-12 10:24:35',NULL,'2022-08-12 10:24:35',1,'','','',''),(1639,'Tarab Ganj','389',3,1,'271001',NULL,NULL,NULL,NULL,1,'','','',''),(1640,'khadri','20',1,1,'',NULL,'2023-01-01 16:25:49',NULL,'2023-01-01 16:25:49',1,'','','',''),(1641,'saharnpur','488',3,1,'',NULL,'2023-03-09 02:44:34',NULL,'2023-03-09 02:44:34',1,'','','',''),(1642,'Nagaur','489',4,1,'',NULL,'2023-03-12 04:04:13',NULL,'2023-03-12 04:04:13',1,'','','',''),(1643,'Balbera','26',2,1,'',NULL,'2023-03-12 06:17:22',NULL,'2023-03-12 06:17:22',1,'','','',''),(1644,'Dhanori','18',1,1,'',NULL,'2023-03-22 03:49:37',NULL,'2023-03-22 03:49:37',1,'','','',''),(1645,'Nuh','490',1,1,'',NULL,'2023-03-26 04:19:35',NULL,'2023-03-26 04:19:35',1,'','','',''),(1646,'Thiruvananthapuram','491',13,1,'695011',NULL,'2023-04-02 08:00:50',NULL,'2023-04-02 08:00:50',1,'','','',''),(1647,'Toronto','492',81,3,'',NULL,'2023-06-07 12:47:01',NULL,'2023-06-07 12:47:01',1,'','','',''),(1648,'Madhubani','493',11,1,'',NULL,'2023-06-18 11:54:21',NULL,'2023-06-18 11:54:21',1,'','','',''),(1649,'Darwin','494',105,2,'',NULL,'2023-06-19 02:42:26',NULL,'2023-06-19 02:42:26',1,'','','',''),(1650,'Hobart','495',106,2,'',NULL,'2023-06-19 02:43:04',NULL,'2023-06-19 02:43:04',1,'','','',''),(1651,'Perth','496',107,2,'',NULL,'2023-06-19 02:43:32',NULL,'2023-06-19 02:43:32',1,'','','',''),(1652,'Mandhata','377',3,1,'',NULL,'2023-06-19 02:52:46',NULL,'2023-06-19 02:52:46',1,'','','','');
/*!40000 ALTER TABLE `tbblock` ENABLE KEYS */;
UNLOCK TABLES;

--
-- Table structure for table `tbstate`
--

DROP TABLE IF EXISTS `tbstate`;
/*!40101 SET @saved_cs_client     = @@character_set_client */;
/*!50503 SET character_set_client = utf8mb4 */;
CREATE TABLE `tbstate` (
  `stateid` int NOT NULL AUTO_INCREMENT,
  `statename` varchar(45) DEFAULT NULL,
  `stateshortname` varchar(10) NOT NULL,
  `statecountryid` int DEFAULT NULL,
  `createdby` varchar(45) DEFAULT NULL,
  `createdon` datetime DEFAULT NULL,
  `modifiedby` varchar(45) DEFAULT NULL,
  `modifiedon` datetime DEFAULT NULL,
  `staactsts` tinyint(1) DEFAULT '1',
  PRIMARY KEY (`stateid`)
) ENGINE=InnoDB AUTO_INCREMENT=108 DEFAULT CHARSET=latin1;
/*!40101 SET character_set_client = @saved_cs_client */;

--
-- Dumping data for table `tbstate`
--

LOCK TABLES `tbstate` WRITE;
/*!40000 ALTER TABLE `tbstate` DISABLE KEYS */;
INSERT INTO `tbstate` VALUES (1,'Haryana','HR',1,'Admin','2013-05-03 14:21:34','Admin','2013-05-03 14:21:34',1),(2,'Punjab','PB',1,'Admin','2013-05-03 14:21:35','Admin','2013-05-03 14:21:35',1),(3,'Uttar Pradesh','UP',1,'Admin','2013-05-03 14:21:35','Admin','2013-05-03 14:21:35',1),(4,'Rajasthan','RJ',1,'Admin','2013-05-03 14:21:35','Admin','2013-05-03 14:21:35',1),(5,'Himachal Pradesh','HP',1,'Admin','2013-05-03 14:21:35','Admin','2013-05-03 14:21:35',1),(6,'Madhya Pradesh','MP',1,'Admin','2013-05-03 14:21:35','Admin','2013-05-03 14:21:35',1),(7,'Chandigarh','CHD',1,'Admin','2013-05-03 14:21:35','Admin','2013-05-03 14:21:35',1),(8,'Delhi','DLH',1,'Admin','2013-05-03 14:21:35','Admin','2013-05-03 14:21:35',1),(9,'Maharashtra','MH',1,'Admin','2013-05-03 14:21:35','Pankaj Garg','2015-11-28 00:03:47',1),(10,'UttaraKhand','UK',1,'Admin','2013-05-03 14:21:35','Pankaj Garg','2015-11-28 00:04:00',1),(11,'Bihar','BR',1,'Admin','2013-05-03 14:21:35','Admin','2013-05-03 14:21:35',1),(12,'Andhra Pradesh','AP',1,'Admin','2013-05-03 14:21:35','Admin','2013-05-03 14:21:35',1),(13,'Kerala','KL',1,'Admin','2013-05-03 14:21:35','Admin','2013-05-03 14:21:35',1),(16,'Gujarat','GJ',1,'Admin','2013-05-03 14:21:35','Pankaj Garg','2015-11-28 00:05:53',1),(17,'Jharkhand','JK',1,'Admin','2013-05-03 14:21:35','Admin','2013-05-03 14:21:35',1),(18,'Nepal','NP',1,'Admin','2013-05-03 14:21:35','Admin','2013-05-03 14:21:35',1),(19,'Jammu & Kashmir','JK',1,'Admin','2013-05-03 14:21:35','Admin','2013-05-03 14:21:35',1),(21,'Odisha','OR',1,'Admin','2013-05-03 14:21:35','Admin','2013-05-03 14:21:35',1),(22,'West Bengal','WB',1,'Admin','2013-05-03 14:21:35','Admin','2013-05-03 14:21:35',1),(23,'Chattisgarh','CG',1,'Admin','2013-05-03 14:21:35','Admin','2013-05-03 14:21:35',1),(27,'Assam','AS',1,'Admin','2013-05-03 14:21:35','Admin','2013-05-03 14:21:35',1),(28,'Tamil Nadu','TN',1,'Admin','2013-05-03 14:21:36','Admin','2013-05-03 14:21:36',1),(36,'Karnataka','KA',1,'Admin','2013-05-03 14:21:36','Pankaj Garg','2015-11-28 01:04:12',1),(38,'Nagaland','NL',1,'Admin','2013-05-03 14:21:36','Admin','2013-05-03 14:21:36',1),(39,'Manipur','MN',1,'Admin','2013-05-03 14:21:36','Admin','2013-05-03 14:21:36',1),(40,'Sikkim','SK',1,'Admin','2013-05-03 14:21:36','Admin','2013-05-03 14:21:36',1),(41,'Meghalaya','ML',1,'Admin','2013-05-03 14:21:36','Admin','2013-05-03 14:21:36',1),(42,'Tripura','TR',1,'Admin','2013-05-03 14:21:36','Admin','2013-05-03 14:21:36',1),(43,'Mizoram','MZ',1,'Admin','2013-05-03 14:21:36','Admin','2013-05-03 14:21:36',1),(55,'Telangana','TS',1,'Pankaj Garg','2015-11-28 00:06:39','Pankaj Garg','2015-11-28 00:06:39',1),(56,'Qatar','QTR',1,'Arun Dabas','2015-11-30 04:26:26','Arun Dabas','2015-11-30 04:26:26',1),(59,'Brampton','CA',3,'Arun Dabas','2015-12-03 10:18:00','Arun Dabas','2015-12-03 10:18:00',1),(61,'Singapore','SGP',7,'','2017-05-03 08:14:09','','2017-05-03 08:14:09',1),(62,'Melbourne','',2,NULL,NULL,NULL,NULL,1),(63,'Brisbane','',2,NULL,NULL,NULL,NULL,1),(64,'Sydney','',2,NULL,NULL,NULL,NULL,1),(65,'UAE','',5,NULL,NULL,NULL,NULL,1),(66,'New Zealand','',4,NULL,NULL,NULL,NULL,1),(68,'Doha','',6,NULL,NULL,NULL,NULL,1),(70,'Kuwait','',9,NULL,NULL,NULL,NULL,1),(71,'Rome','',10,NULL,NULL,NULL,NULL,1),(72,'Cyprus','',11,NULL,NULL,NULL,NULL,1),(73,'London','',12,NULL,NULL,NULL,NULL,1),(74,'China','',13,NULL,NULL,NULL,NULL,1),(75,'Nepal','',14,NULL,NULL,NULL,NULL,1),(76,'USA','',15,NULL,NULL,NULL,NULL,1),(77,'UK','',8,NULL,NULL,NULL,NULL,1),(78,'Lebanon','',17,NULL,NULL,NULL,NULL,1),(79,'Canberra','',2,NULL,NULL,NULL,NULL,1),(80,'BC-Canada','',3,NULL,NULL,NULL,NULL,1),(81,'Canada','',3,NULL,NULL,NULL,NULL,1),(82,'Bahrain','',18,NULL,NULL,NULL,NULL,1),(83,'Malaysia','',19,NULL,NULL,NULL,NULL,1),(84,'Adelaide','',2,NULL,NULL,NULL,NULL,1),(85,'Saudi Arabia','',20,NULL,NULL,NULL,NULL,1),(88,'Philippine','',21,NULL,NULL,NULL,NULL,1),(89,'Andaman and Nicobar','',1,NULL,NULL,NULL,NULL,1),(90,'Arunachal Pradesh','',1,NULL,NULL,NULL,NULL,1),(91,'Dadra and Nagar Haveli','',1,NULL,NULL,NULL,NULL,1),(92,'Daman and Diu','',1,NULL,NULL,NULL,NULL,1),(93,'Goa','',1,NULL,NULL,NULL,NULL,1),(94,'Lakshadweep','',1,NULL,NULL,NULL,NULL,1),(95,'Puducherry','',1,NULL,NULL,NULL,NULL,1),(101,'Birmingham','',12,NULL,'2022-07-25 17:10:22',NULL,'2022-07-25 17:10:22',1),(102,'Manchester','',12,NULL,'2022-07-25 17:13:08',NULL,'2022-07-25 17:13:08',1),(103,'Leeds','',12,NULL,'2022-07-25 17:14:53',NULL,'2022-07-25 17:14:53',1),(104,'Scotland','',12,NULL,'2022-07-25 17:25:21',NULL,'2022-07-25 17:25:21',1),(105,'Darwin','',2,NULL,'2023-06-19 02:37:48',NULL,'2023-06-19 02:37:48',1),(106,'Hobart','',2,NULL,'2023-06-19 02:38:04',NULL,'2023-06-19 02:38:04',1),(107,'Perth','',2,NULL,'2023-06-19 02:38:21',NULL,'2023-06-19 02:38:21',1);
/*!40000 ALTER TABLE `tbstate` ENABLE KEYS */;
UNLOCK TABLES;

--
-- Table structure for table `users`
--

DROP TABLE IF EXISTS `users`;
/*!40101 SET @saved_cs_client     = @@character_set_client */;
/*!50503 SET character_set_client = utf8mb4 */;
CREATE TABLE `users` (
  `id` int NOT NULL AUTO_INCREMENT,
  `name` varchar(150) COLLATE utf8mb3_unicode_ci DEFAULT NULL,
  `gender` varchar(10) COLLATE utf8mb3_unicode_ci NOT NULL,
  `email` varchar(150) COLLATE utf8mb3_unicode_ci DEFAULT NULL,
  `password` varchar(150) COLLATE utf8mb3_unicode_ci DEFAULT NULL,
  `loginaccess` varchar(50) COLLATE utf8mb3_unicode_ci DEFAULT NULL,
  `isCentralStore` int NOT NULL,
  `isActive` int NOT NULL DEFAULT '1',
  `department` int NOT NULL,
  `contact1` varchar(15) COLLATE utf8mb3_unicode_ci NOT NULL,
  `contact2` varchar(15) COLLATE utf8mb3_unicode_ci NOT NULL,
  `email1` varchar(20) COLLATE utf8mb3_unicode_ci NOT NULL,
  `email2` varchar(20) COLLATE utf8mb3_unicode_ci NOT NULL,
  `created_at` timestamp NOT NULL DEFAULT CURRENT_TIMESTAMP,
  `createdBy` int NOT NULL,
  `profilePicAt` datetime DEFAULT NULL,
  PRIMARY KEY (`id`),
  UNIQUE KEY `email` (`email`)
) ENGINE=InnoDB AUTO_INCREMENT=48 DEFAULT CHARSET=utf8mb3 COLLATE=utf8mb3_unicode_ci;
/*!40101 SET character_set_client = @saved_cs_client */;

--
-- Dumping data for table `users`
--

LOCK TABLES `users` WRITE;
/*!40000 ALTER TABLE `users` DISABLE KEYS */;
INSERT INTO `users` VALUES (1,'Super Admin','','officeadmwork77@gmail.com','e10adc3949ba59abbe56e057f20f883e','superadmin',0,0,0,'','','','','2023-08-03 17:02:29',0,'2023-08-26 08:45:00'),(34,'Demo1','female','account1@gmail.com','e10adc3949ba59abbe56e057f20f883e','accountant',0,1,6,'123456789','','','','2023-12-25 16:46:07',1,'2023-12-26 12:18:00'),(35,'approve1','male','approve1@gmail.com','123456','approval1',0,1,3,'','','','','2023-12-28 09:44:48',1,NULL),(36,'approve3 account','male','approve3@gmail.com','e10adc3949ba59abbe56e057f20f883e','approval3',0,1,2,'','','','','2023-12-28 11:53:55',1,NULL),(41,'Central Accountant','male','centralstore@gmail.com','123456','accountant',1,1,2,'32165412354','','','','2023-12-29 05:53:57',1,NULL),(42,'Central Store','male','cstore@gmail.com','123456','centralStore',0,1,2,'5465615654','','','','2023-12-29 11:15:33',1,NULL),(43,'Deepak','male','dssfad77@gmail.com','c6bf80b54bfe6748bfa87f9a473e517a','accountant',0,1,2,'8222001440','','','','2024-01-03 12:45:55',1,NULL),(44,'Sunny ','male','sunnymahendru1313@gmail.com','e10adc3949ba59abbe56e057f20f883e','approval1',0,1,2,'8569878577','','','','2024-01-04 05:00:51',1,NULL),(45,'Jagsir Insan','male','officeadmwork1@gmail.com','e10adc3949ba59abbe56e057f20f883e','viewer',0,1,2,'9915254110','','','','2024-01-13 10:59:37',1,NULL),(46,'Review','female','approval2adm@gmail.com','e10adc3949ba59abbe56e057f20f883e','approval2',0,1,2,'1234567890','','','','2024-01-15 16:02:34',1,NULL),(47,'Parveen Insan','male','parveenanejainsan@gamil.com','4ba32a39fd3dc0c72fbb2f4cca800239','approval1',0,1,2,'9729783344','','','','2024-01-18 13:24:21',1,NULL);
/*!40000 ALTER TABLE `users` ENABLE KEYS */;
UNLOCK TABLES;
/*!40103 SET TIME_ZONE=@OLD_TIME_ZONE */;

/*!40101 SET SQL_MODE=@OLD_SQL_MODE */;
/*!40014 SET FOREIGN_KEY_CHECKS=@OLD_FOREIGN_KEY_CHECKS */;
/*!40014 SET UNIQUE_CHECKS=@OLD_UNIQUE_CHECKS */;
/*!40101 SET CHARACTER_SET_CLIENT=@OLD_CHARACTER_SET_CLIENT */;
/*!40101 SET CHARACTER_SET_RESULTS=@OLD_CHARACTER_SET_RESULTS */;
/*!40101 SET COLLATION_CONNECTION=@OLD_COLLATION_CONNECTION */;
/*!40111 SET SQL_NOTES=@OLD_SQL_NOTES */;

-- Dump completed on 2024-02-08 16:28:45
